登記編號,工廠名稱,工廠地址,縣市別代碼,地址_行政區域代碼,地址_村里,地址_街路門牌,符合之產業類別
11000004,阿舍食品企業股份有限公司,臺南市永康區王行里環工路15號,67000,67000310,王行里,環工路15號,08食品製造業
11000009,億達食品企業有限公司,臺南市永康區王行里環工路15之3號,67000,67000310,王行里,環工路15之3號,08食品製造業
11000015,統盈實業股份有限公司,臺南市麻豆區小埤里埤頭1之13號,67000,67000070,小埤里,埤頭1之13號,08食品製造業
11000020,永興醬油食品廠,臺南市後壁區嘉田里上茄苳104號之26,67000,67000050,嘉田里,上茄苳104號之26,08食品製造業
11000028,阿太食品行,臺南市下營區下營里中山路2段29巷1號1樓,67000,67000080,下營里,中山路2段29巷1號1樓,08食品製造業
11000029,嘉振企業有限公司ㄧ廠,臺南市佳里區忠仁里博愛街60號1樓,67000,67000120,忠仁里,博愛街60號1樓,08食品製造業
11000043,親親烘焙屋,臺南市仁德區保安里保安路一段15號,67000,67000270,保安里,保安路一段15號,08食品製造業
67000008,甄洋生物科技有限公司,臺南市永康區東橋里中正路279巷21弄47號,67000,67000310,東橋里,中正路279巷21弄47號,08食品製造業
67000038,味元食品工廠有限公司,臺南市南區彰南里新孝路210號B棟2樓、3樓,67000,67000330,彰南里,新孝路210號B棟2樓、3樓,08食品製造業
67000064,順富飼料廠,臺南市學甲區秀昌里一秀154號之1,67000,67000130,秀昌里,一秀154號之1,08食品製造業
67000081,康鼎食品國際有限公司,臺南市南區彰南里新孝路183之1號,67000,67000330,彰南里,新孝路183之1號,08食品製造業
67000083,順多企業社,臺南市下營區茅港里茅港尾271號,67000,67000080,茅港里,茅港尾271號,08食品製造業
67000088,龍承麵店,臺南市東區崇學里崇德四街28號,67000,67000320,崇學里,崇德四街28號,08食品製造業
67000105,豐禾生技股份有限公司,臺南市學甲區中洲里中洲1之1號,67000,67000130,中洲里,中洲1之1號,08食品製造業
67000121,易展企業有限公司工廠,臺南市永康區南灣里大灣東路99號1樓,67000,67000310,南灣里,大灣東路99號1樓,08食品製造業
67000130,億聯油脂股份有限公司,臺南市仁德區保安里開發五路12號,67000,67000270,保安里,開發五路12號,08食品製造業
67000133,太潤生技股份有限公司,臺南市新化區護國里中山路101號,67000,67000180,護國里,中山路101號,08食品製造業
67000137,康可力食品有限公司,臺南市新化區護國里中山路100之4號(A棟),67000,67000180,護國里,中山路100之4號(A棟),08食品製造業
67000147,林家製麵廠,臺南市佳里區鎮山里鎮山街122巷11號1樓,67000,67000120,鎮山里,鎮山街122巷11號1樓,08食品製造業
67000181,巧弘偉企業股份有限公司,臺南市安南區安順里開安二街39號,67000,67000350,安順里,開安二街39號,08食品製造業
67000210,太子宮麵圈店,臺南市新營區太北里太子宮123之5號,67000,67000010,太北里,太子宮123之5號,08食品製造業
67000223,泓羿食品有限公司,臺南市永康區蔦松里正北三路109、111號,67000,67000310,蔦松里,正北三路109、111號,08食品製造業
67000225,裕大行,臺南市佳里區建南里仁愛路408號,67000,67000120,建南里,仁愛路408號,08食品製造業
67000229,集客開發食品有限公司,臺南市安南區新順里永安路89巷11號,67000,67000350,新順里,永安路89巷11號,08食品製造業
67000249,衡一生技有限公司,臺南市永康區東橋里中正路269巷38號,67000,67000310,東橋里,中正路269巷38號,08食品製造業
67000258,恒耀食品股份有限公司仁德廠,臺南市仁德區太子里大發路177巷25號,67000,67000270,太子里,大發路177巷25號,08食品製造業
67000275,楊媽媽?子工坊,臺南市後壁區後壁里後壁98之5、98之6號1樓,67000,67000050,後壁里,後壁98之5、98之6號1樓,08食品製造業
67000276,成功泓食品有限公司,臺南市新化區拔里牧場1號之25,67000,67000180,拔里,牧場1號之25,08食品製造業
67000280,頂旺團膳便當工廠,臺南市後壁區後壁里後壁42之25、42之26號B棟,67000,67000050,後壁里,後壁42之25、42之26號B棟,"08食品製造業,08食品製造業"
67000281,卡多利亞食品股份有限公司,臺南市後壁區後壁里後壁42之27、42之26號A棟,67000,67000050,後壁里,後壁42之27、42之26號A棟,08食品製造業
67000284,?鑽農坊,臺南市麻豆區井東里安業49之1號1樓,67000,67000070,井東里,安業49之1號1樓,08食品製造業
67000288,千香食品有限公司,臺南市仁德區太子里大發路177巷45號,67000,67000270,太子里,大發路177巷45號,08食品製造業
67000304,建旺製麵行,臺南市永康區勝利里勝利街197巷8弄27號,67000,67000310,勝利里,勝利街197巷8弄27號,08食品製造業
67000321,保康生醫股份有限公司永康廠,臺南市永康區尚頂里尚頂路20號,67000,67000310,尚頂里,尚頂路20號,08食品製造業
67000341,統荃生醫股份有限公司,臺南市永康區東橋里中正路279巷21弄25、27號,67000,67000310,東橋里,中正路279巷21弄25、27號,"08食品製造業,09飲料製造業"
67000348,冠南食品企業有限公司,臺南市新化區唪口里唪口93之1號,67000,67000180,唪口里,唪口93之1號,08食品製造業
67000349,和旌生物科技有限公司,臺南市西港區南海里南海埔128之5號,67000,67000140,南海里,南海埔128之5號,08食品製造業
67000366,豐合生物科技有限公司,臺南市永康區尚頂里尚頂路16號,67000,67000310,尚頂里,尚頂路16號,08食品製造業
67000371,儒慧實業有限公司,臺南市大內區石湖里石子瀨390號,67000,67000110,石湖里,石子瀨390號,08食品製造業
67000381,永一腸衣有限公司,臺南市永康區東橋里中正路279巷21弄7號,67000,67000310,東橋里,中正路279巷21弄7號,08食品製造業
67000383,卜健食品行,臺南市新營區民榮里新榮六街50號,67000,67000010,民榮里,新榮六街50號,08食品製造業
67000427,昇咨企業股份有限公司,臺南市永康區二王里中山南路316巷33號,67000,67000310,二王里,中山南路316巷33號,08食品製造業
67000443,佳湘西點,臺南市西港區慶安里中州26之12號1樓,67000,67000140,慶安里,中州26之12號1樓,08食品製造業
67000448,後壁冰糖醬鴨有限公司,臺南市後壁區後壁里後壁42之18號,67000,67000050,後壁里,後壁42之18號,08食品製造業
67000487,五花馬國際行銷股份有限公司新化廠,臺南市新化區全興里竹子腳200號A區,67000,67000180,全興里,竹子腳200號A區,08食品製造業
67000496,平閎食品行台南廠,臺南市南區彰南里新忠路1-1號,67000,67000330,彰南里,新忠路1-1號,08食品製造業
67000514,廷豐生物科技有限公司,臺南市官田區湖山里烏山頭29之6、29之7號,67000,67000100,湖山里,烏山頭29之6、29之7號,08食品製造業
67000525,味味軒企業有限公司,臺南市六甲區龍湖里和平街187號,67000,67000090,龍湖里,和平街187號,08食品製造業
67000527,樂鮮企業有限公司仁德廠,臺南市仁德區仁德里文華路三段428巷92號,67000,67000270,仁德里,文華路三段428巷92號,08食品製造業
67000528,文元生技有限公司,臺南市仁德區太子里太子四街25巷17號,67000,67000270,太子里,太子四街25巷17號,08食品製造業
67000533,味旺貿易有限公司仁德廠,臺南市仁德區仁德里文華路三段428巷72號,67000,67000270,仁德里,文華路三段428巷72號,08食品製造業
67000540,全興飼料股份有限公司學甲廠,臺南市學甲區光華里頭港子1之20號,67000,67000130,光華里,頭港子1之20號,08食品製造業
67000544,宗崴生物科技有限公司,臺南市麻豆區麻口里麻豆口32之17號,67000,67000070,麻口里,麻豆口32之17號,08食品製造業
67000573,津香茶業有限公司,臺南市安南區安順里開安四街1之1號1樓,67000,67000350,安順里,開安四街1之1號1樓,08食品製造業
67000578,統一企業股份有限公司柳營芻料生技廠,臺南市柳營區大農里工七路5號,67000,67000040,大農里,工七路5號,08食品製造業
67000603,飛龍原香糖,臺南市玉井區玉田里新興街29號1樓,67000,67000230,玉田里,新興街29號1樓,08食品製造業
67000611,信行學實業有限公司,臺南市新市區港墘里中山路6號,67000,67000200,港墘里,中山路6號,08食品製造業
67000615,晶鈺食品股份有限公司一廠,臺南市佳里區下營里頂?1之17號2樓前段,67000,67000120,下營里,頂?1之17號2樓前段,08食品製造業
67000623,新福餅舖食品工廠,臺南市善化區南關里三民路1之23號,67000,67000190,南關里,三民路1之23號,08食品製造業
67000635,宥良生物科技有限公司工廠,臺南市柳營區八翁里八老爺39之26號1樓,67000,67000040,八翁里,八老爺39之26號1樓,08食品製造業
67000639,有豐製糖有限公司,臺南市永康區尚頂里中正二街122號,67000,67000310,尚頂里,中正二街122號,08食品製造業
67000641,新橋食品有限公司永康廠,臺南市永康區尚頂里正南一街118巷9號,67000,67000310,尚頂里,正南一街118巷9號,08食品製造業
67000694,世鴻食品股份有限公司,臺南市永康區王行里永科環路105號,67000,67000310,王行里,永科環路105號,08食品製造業
67000712,馥汀股份有限公司,臺南市麻豆區麻口里麻豆口5之2號,67000,67000070,麻口里,麻豆口5之2號,08食品製造業
67000715,誠硯食品有限公司,臺南市仁德區仁德里文華路3段428巷142號,67000,67000270,仁德里,文華路3段428巷142號,08食品製造業
67000730,竇爸國際餐飲有限公司,臺南市永康區?行里中正路542巷4號,67000,67000310,?行里,中正路542巷4號,08食品製造業
67000733,財廣記食品企業有限公司,臺南市永康區?行里中正南路490巷68號,67000,67000310,?行里,中正南路490巷68號,08食品製造業
67000759,佑泰糧食加工廠,臺南市白河區秀祐里三民路668之3號,67000,67000030,秀祐里,三民路668之3號,08食品製造業
67000777,黑橋牌企業股份有限公司二廠,臺南市南區彰南里新忠路2號,67000,67000330,彰南里,新忠路2號,08食品製造業
67000779,拿典企業有限公司,臺南市南區彰南里新忠路27號,67000,67000330,彰南里,新忠路27號,08食品製造業
67000785,明懋實業有限公司台南廠,臺南市安南區布袋里工明南三路178號,67000,67000350,布袋里,工明南三路178號,08食品製造業
67000788,康揚生化科技股份有限公司善化廠,臺南市善化區西關里興農路23號,67000,67000190,西關里,興農路23號,"08食品製造業,08食品製造業"
67000790,新禾食品廠,臺南市永康區永康里西勢路718號1樓,67000,67000310,永康里,西勢路718號1樓,08食品製造業
67000801,大勝食品原料有限公司仁德廠,臺南市仁德區仁德里文華路3段428巷53弄9號,67000,67000270,仁德里,文華路3段428巷53弄9號,08食品製造業
67000807,全能營養技術股份有限公司生物科技廠,臺南市永康區蔦松里蔦松二街12號,67000,67000310,蔦松里,蔦松二街12號,08食品製造業
67000813,亞隴食材企業有限公司一廠,臺南市永康區尚頂里中正二街169巷17號,67000,67000310,尚頂里,中正二街169巷17號,08食品製造業
67000848,果漾莊園國際食品有限公司,臺南市仁德區仁德里文華路三段428巷53弄28號,67000,67000270,仁德里,文華路三段428巷53弄28號,08食品製造業
67000880,原生生物醫學股份有限公司,臺南市新市區港墘里國際路17號5樓之2(516室),67000,67000200,港墘里,國際路17號5樓之2(516室),08食品製造業
67000886,家州食品有限公司,臺南市安南區新順里永安路71巷5號1樓,67000,67000350,新順里,永安路71巷5號1樓,08食品製造業
67000887,大成長城企業股份有限公司台南生技飼料廠,臺南市柳營區大農里工六路8號,67000,67000040,大農里,工六路8號,08食品製造業
67000888,情定團膳餐飲國際股份有限公司,臺南市永康區蔦松里中正北路403號,67000,67000310,蔦松里,中正北路403號,08食品製造業
67000900,眾源食品有限公司,臺南市永康區蔦松里正北三路122號,67000,67000310,蔦松里,正北三路122號,08食品製造業
67000910,茶霖國際茶業有限公司仁德廠,臺南市仁德區土庫里1鄰太乙路82號,67000,67000270,土庫里,1鄰太乙路82號,08食品製造業
67000923,友信食品行灣裡廠,臺南市南區佛壇里興南街271號,67000,67000330,佛壇里,興南街271號,08食品製造業
67000931,昶圓企業有限公司學甲廠,臺南市學甲區新達里頂山寮1之31號,67000,67000130,新達里,頂山寮1之31號,08食品製造業
67000942,廷佳食品行,臺南市仁德區仁德里文華路三段428巷53弄10號,67000,67000270,仁德里,文華路三段428巷53弄10號,08食品製造業
67000958,宏宇農產生技企業有限公司,臺南市官田區二鎮里建業路3號,67000,67000100,二鎮里,建業路3號,08食品製造業
67000973,恒耀食品股份有限公司仁德二廠,臺南市仁德區一甲里太乙一街6號,67000,67000270,一甲里,太乙一街6號,08食品製造業
67000980,星際美食廠有限公司,臺南市仁德區土庫里太乙路24號,67000,67000270,土庫里,太乙路24號,08食品製造業
67000984,嘉振企業有限公司麻豆廠,臺南市麻豆區麻口里麻豆口2之93號1樓,67000,67000070,麻口里,麻豆口2之93號1樓,08食品製造業
67000987,台灣黃金蕎麥有限公司仁德廠,臺南市仁德區仁德里文華路3段428巷59號,67000,67000270,仁德里,文華路3段428巷59號,08食品製造業
67001031,統裕食品股份有限公司永康廠,臺南市永康區?行里新中街202號,67000,67000310,?行里,新中街202號,08食品製造業
67001038,久芳生物科技股份有限公司,臺南市柳營區大農里工二路8號,67000,67000040,大農里,工二路8號,08食品製造業
67001045,彬鴻食品有限公司台南廠,臺南市南區彰南里新和路46號,67000,67000330,彰南里,新和路46號,08食品製造業
67001048,見康食品有限公司工廠,臺南市東區龍山里富德街60號,67000,67000320,龍山里,富德街60號,08食品製造業
67001049,高群食品有限公司,臺南市山上區明和里明和76之72號,67000,67000220,明和里,明和76之72號,08食品製造業
67001053,金豐盛食品股份有限公司永康廠,臺南市永康區?行里正南三路136號,67000,67000310,?行里,正南三路136號,08食品製造業
67001065,道昇國際股份有限公司台南廠,臺南市麻豆區麻口里麻豆口2之85號1樓,67000,67000070,麻口里,麻豆口2之85號1樓,08食品製造業
67001073,長津有限公司永康廠,臺南市永康區尚頂里中正二街181號,67000,67000310,尚頂里,中正二街181號,08食品製造業
67001078,?宏興食品企業有限公司第二廠,臺南市永康區東橋里中正路279巷21弄45號,67000,67000310,東橋里,中正路279巷21弄45號,08食品製造業
67001088,久展商行仁德廠,臺南市仁德區土庫里大發路173號,67000,67000270,土庫里,大發路173號,08食品製造業
67001090,大和農產國際有限公司,臺南市歸仁區南興里民生六街40號,67000,67000280,南興里,民生六街40號,08食品製造業
67001094,馬可先生食品企業股份有限公司仁德原料廠,臺南市仁德區仁德里文華路三段428巷39弄13號,67000,67000270,仁德里,文華路三段428巷39弄13號,08食品製造業
67001115,品億生物科技有限公司永科廠,臺南市永康區王行里永科南路6號,67000,67000310,王行里,永科南路6號,08食品製造業
67001129,大旺生醫有限公司,臺南市新市區港墘里三民街139號4樓〈D戶〉,67000,67000200,港墘里,三民街139號4樓〈D戶〉,08食品製造業
67001143,意精研有限公司安定二廠,臺南市安定區中沙里沙崙53之1號,67000,67000210,中沙里,沙崙53之1號,08食品製造業
67001145,五十嵐企業股份有限公司新愛廠,臺南市南區彰南里14鄰新愛路1之2號1、2、3樓,67000,67000330,彰南里,14鄰新愛路1之2號1、2、3樓,08食品製造業
67001150,利鑫豐食品股份有限公司,臺南市安定區港尾里港子尾37之36號,67000,67000210,港尾里,港子尾37之36號,08食品製造業
67001154,綠園牧場股份有限公司工廠,臺南市麻豆區油車里新生北路137之1號,67000,67000070,油車里,新生北路137之1號,"08食品製造業,09飲料製造業"
67001159,安平小舖有限公司,臺南市永康區?洲里正南六街105巷22號,67000,67000310,?洲里,正南六街105巷22號,08食品製造業
67001167,加多食品有限公司,臺南市南區彰南里新愛路35號,67000,67000330,彰南里,新愛路35號,08食品製造業
67001168,田倉一食品有限公司仁德廠,臺南市仁德區土庫里中正路三段523巷97號,67000,67000270,土庫里,中正路三段523巷97號,08食品製造業
67001169,寶榮開發企業股份有限公司工廠,臺南市學甲區新榮里中華路一段89號,67000,67000130,新榮里,中華路一段89號,08食品製造業
67001187,加倉企業有限公司二廠,臺南市仁德區保安里文賢路一段508之58號,67000,67000270,保安里,文賢路一段508之58號,08食品製造業
67001190,泰興肉脯店鹽水廠,臺南市鹽水區水秀里土庫96號1樓,67000,67000020,水秀里,土庫96號1樓,08食品製造業
67001193,緯鳳興業有限公司,臺南市西港區慶安里中山路493之5號1樓,67000,67000140,慶安里,中山路493之5號1樓,08食品製造業
67001195,楊哥楊嫂食品股份有限公司,臺南市南區彰南里新義南路54號,67000,67000330,彰南里,新義南路54號,08食品製造業
67001200,世鑫食品股份有限公司新化廠,臺南市新化區拔里牧場1之27號,67000,67000180,拔里,牧場1之27號,08食品製造業
67001205,穩群實業社,臺南市學甲區中洲里中洲130號,67000,67000130,中洲里,中洲130號,08食品製造業
67001208,東揚生物科技有限公司佳里廠,臺南市佳里區海澄里萊芊寮1之122號1樓,67000,67000120,海澄里,萊芊寮1之122號1樓,08食品製造業
67001221,馬可先生食品企業股份有限公司仁德廠,臺南市仁德區仁德里文華路三段428巷39弄9號,67000,67000270,仁德里,文華路三段428巷39弄9號,08食品製造業
67001225,老闆餐飲顧問有限公司佳里廠,臺南市佳里區建南里成功路200號1樓,67000,67000120,建南里,成功路200號1樓,08食品製造業
67001228,日月欣食品有限公司仁德廠,臺南市仁德區仁德里文華路三段428巷152弄1號,67000,67000270,仁德里,文華路三段428巷152弄1號,08食品製造業
67001231,冠宏肉品,臺南市麻豆區安正里?地1之2號,67000,67000070,安正里,?地1之2號,08食品製造業
67001235,金大茶業有限公司,臺南市永康區?行里正南五街248巷7號,67000,67000310,?行里,正南五街248巷7號,08食品製造業
67001242,允承團膳有限公司台南廠,臺南市新市區永就里中華路33號,67000,67000200,永就里,中華路33號,08食品製造業
67001247,寬橋璒食品有限公司,臺南市新營區南興里建業路79號1樓,67000,67000010,南興里,建業路79號1樓,08食品製造業
67001248,良御生技實業有限公司,臺南市新營區南興里建業路79之1號,67000,67000010,南興里,建業路79之1號,08食品製造業
67001267,金泉源麵食品有限公司二廠,臺南市安南區布袋里工明南三路36號,67000,67000350,布袋里,工明南三路36號,08食品製造業
67001282,七品蓮食品股份有限公司,臺南市安南區新順里安通路2段2號A區,67000,67000350,新順里,安通路2段2號A區,08食品製造業
67001283,曼馱有限公司安通廠,臺南市安南區新順里安通路2段2號B區,67000,67000350,新順里,安通路2段2號B區,08食品製造業
67001284,信義油飯行工廠,臺南市南區建南里興隆路57、59、61號1樓,67000,67000330,建南里,興隆路57、59、61號1樓,08食品製造業
67001296,丞興食品有限公司,臺南市永康區新樹里富強路2段398巷193之11號,67000,67000310,新樹里,富強路2段398巷193之11號,08食品製造業
67001309,新鳳鳴茶業有限公司工廠,臺南市永康區尚頂里正南三路1號,67000,67000310,尚頂里,正南三路1號,08食品製造業
67001316,葡軒食品有限公司工廠,臺南市安南區淵西里安中路4段211巷105號1樓,67000,67000350,淵西里,安中路4段211巷105號1樓,08食品製造業
67001320,八方百玉食品有限公司工廠,臺南市安南區州南里長和路3段133巷115號1樓,67000,67000350,州南里,長和路3段133巷115號1樓,08食品製造業
67001321,安倍康生物科技有限公司,臺南市南區彰南里新義南路49號1樓,67000,67000330,彰南里,新義南路49號1樓,08食品製造業
67001335,立森食品有限公司,臺南市永康區?行里鹽平街169號,67000,67000310,?行里,鹽平街169號,08食品製造業
67001363,豐年豐和企業股份有限公司分廠,臺南市東區裕農里裕農路393號1樓,67000,67000320,裕農里,裕農路393號1樓,08食品製造業
67001373,仙台藥品工業股份有限公司食品廠,臺南市新營區嘉芳里新工路35號B棟〈二樓〉,67000,67000010,嘉芳里,新工路35號B棟〈二樓〉,"08食品製造業,09飲料製造業"
67001375,蒂夏生技有限公司和順廠,臺南市安南區新順里安和路3段16號,67000,67000350,新順里,安和路3段16號,08食品製造業
67001378,永大素食行,臺南市仁德區土庫里大發路42號,67000,67000270,土庫里,大發路42號,08食品製造業
67001388,紅崴科技股份有限公司加工廠,臺南市安南區?田里工業一路23號2樓部分,67000,67000350,?田里,工業一路23號2樓部分,08食品製造業
67001391,尚品咖啡食品有限公司,臺南市仁德區仁德里文華路3段428巷152弄3及5號,67000,67000270,仁德里,文華路3段428巷152弄3及5號,08食品製造業
67001393,秀明科技有限公司食品廠區,臺南市仁德區太子里太子四街35巷12號A區1F,67000,67000270,太子里,太子四街35巷12號A區1F,08食品製造業
67001407,維風糧泉有限公司,臺南市永康區網寮里中山南路490巷2弄72號1樓,67000,67000310,網寮里,中山南路490巷2弄72號1樓,08食品製造業
67001411,港口食品有限公司,臺南市安定區安定里安加262之30號,67000,67000210,安定里,安加262之30號,08食品製造業
67001416,三和香料有限公司永華廠,臺南市安平區億載里永華十一街113巷18號,67000,67000360,億載里,永華十一街113巷18號,08食品製造業
67001419,友賓食品工業有限公司二廠,臺南市安南區安順里開安五街5號,67000,67000350,安順里,開安五街5號,08食品製造業
67001422,泰吉軒實業有限公司,臺南市新市區港墘里國際路15號4樓之1,67000,67000200,港墘里,國際路15號4樓之1,08食品製造業
67001424,恆鼎生物科技股份有限公司,臺南市永康區?洲里正南六街91號,67000,67000310,?洲里,正南六街91號,08食品製造業
67001467,茂霖食品股份有限公司二廠,臺南市安南區媽祖宮里工業八路28號,67000,67000350,媽祖宮里,工業八路28號,08食品製造業
67001474,新嘉豐食品有限公司工廠,臺南市六甲區中社里林鳳營232號、232之1號,67000,67000090,中社里,林鳳營232號、232之1號,08食品製造業
67001490,臺南市下營區農會農特產品加工廠,臺南市下營區仁里里工業街2巷17號,67000,67000080,仁里里,工業街2巷17號,08食品製造業
67001502,統一企業股份有限公司永康飼料廠,臺南市永康區?行里中正路301號B區,67000,67000310,?行里,中正路301號B區,08食品製造業
67001506,美衛佳食品科技股份有限公司,臺南市南區彰南里新忠路3之1號,67000,67000330,彰南里,新忠路3之1號,08食品製造業
67001520,麗豐實業股份有限公司,臺南市官田區二鎮里工業路48號,67000,67000100,二鎮里,工業路48號,08食品製造業
67001528,健富食品有限公司新營廠,臺南市新營區中營里開元路84之12號,67000,67000010,中營里,開元路84之12號,08食品製造業
67001530,臺南市西港區農會農特產品加工廠,臺南市西港區營西里後營1號,67000,67000140,營西里,後營1號,08食品製造業
67001534,沅順食品有限公司台南廠,臺南市永康區龍潭里中山北路210號,67000,67000310,龍潭里,中山北路210號,08食品製造業
67001544,行政院農業委員會畜產試驗所飼料工廠,臺南市新化區拔里牧場112號A區,67000,67000180,拔里,牧場112號A區,08食品製造業
67001552,奇美食品股份有限公司仁德廠,臺南市仁德區仁愛里機場路1000號、1006號、1008號,67000,67000270,仁愛里,機場路1000號、1006號、1008號,08食品製造業
67001567,上鮮肉品有限公司,臺南市歸仁區歸南里民生十街50巷519號,67000,67000280,歸南里,民生十街50巷519號,08食品製造業
67001585,右錦實業有限公司,臺南市新市區永就里光華街5之106號,67000,67000200,永就里,光華街5之106號,08食品製造業
67001586,宥泓食品有限公司永康廠,臺南市永康區尚頂里中正南路349巷68之3號,67000,67000310,尚頂里,中正南路349巷68之3號,08食品製造業
67001587,時躍有限公司,臺南市永康區尚頂里正南一街92巷31號,67000,67000310,尚頂里,正南一街92巷31號,08食品製造業
67001591,大聖實業廠,臺南市安南區安順里安和路4段2巷5號,67000,67000350,安順里,安和路4段2巷5號,08食品製造業
67001595,將農行麻油廠,臺南市將軍區嘉昌里北嘉28之3號,67000,67000160,嘉昌里,北嘉28之3號,08食品製造業
67001601,東夏企業社,臺南市仁德區保安里文賢路一段508-18號,67000,67000270,保安里,文賢路一段508-18號,08食品製造業
67001607,香港商田原香有限公司台灣分公司安南廠,臺南市安南區媽祖宮里工業一路39號,67000,67000350,媽祖宮里,工業一路39號,08食品製造業
67001621,大關廟製麵廠,臺南市關廟區五甲里東興三街30號,67000,67000290,五甲里,東興三街30號,08食品製造業
67001622,禾宇特生技有限公司新營廠,臺南市新營區中營里東山中路13號,67000,67000010,中營里,東山中路13號,08食品製造業
67001626,振禾食品有限公司山上廠,臺南市山上區明和里北勢洲25之2號,67000,67000220,明和里,北勢洲25之2號,08食品製造業
67001640,友賓食品工業有限公司三廠,臺南市安南區安順里開安三街31號,67000,67000350,安順里,開安三街31號,08食品製造業
67001683,協原企業社關廟廠,臺南市關廟區香洋里東安街18號1樓,67000,67000290,香洋里,東安街18號1樓,08食品製造業
67001685,陽光普照股份有限公司台南廠,臺南市永康區南灣里南興路41號,67000,67000310,南灣里,南興路41號,08食品製造業
67001686,喜善食品有限公司台南廠,臺南市安南區新順里開安三街18號,67000,67000350,新順里,開安三街18號,08食品製造業
67001696,鑫立祥食品有限公司,臺南市永康區東橋里中正路217巷3弄60號,67000,67000310,東橋里,中正路217巷3弄60號,08食品製造業
67001703,廣吉食品股份有限公司後壁廠,臺南市後壁區菁豊里崩埤1之65號A棟1樓A區、2樓、3樓及B棟、C棟,67000,67000050,菁豊里,崩埤1之65號A棟1樓A區、2樓、3樓及B棟、C棟,08食品製造業
67001724,好記商行,臺南市永康區東灣里民族路145巷19號1樓,67000,67000310,東灣里,民族路145巷19號1樓,08食品製造業
67001728,鼎香珍有限公司,臺南市學甲區仁得里濟生路209之1號,67000,67000130,仁得里,濟生路209之1號,08食品製造業
67001732,東方韻味食品有限公司,臺南市仁德區仁德里文華路3段428巷152弄8號,67000,67000270,仁德里,文華路3段428巷152弄8號,08食品製造業
67001735,聖茗茶業有限公司柳營廠,臺南市柳營區大農里工五路2號,67000,67000040,大農里,工五路2號,08食品製造業
67001736,野味燒食品有限公司,臺南市永康區尚頂里中正二街169巷13號,67000,67000310,尚頂里,中正二街169巷13號,08食品製造業
67001742,瑞榮商行,臺南市永康區?行里中正二街233號,67000,67000310,?行里,中正二街233號,08食品製造業
67001750,洺海生技股份有限公司永康廠,臺南市永康區王行里興工路10-1號,67000,67000310,王行里,興工路10-1號,08食品製造業
67001757,旭升企業股份有限公司,臺南市仁德區保安里開發五路10號,67000,67000270,保安里,開發五路10號,08食品製造業
67001764,口僑食品行,臺南市關廟區新埔里新埔三街101巷5號,67000,67000290,新埔里,新埔三街101巷5號,08食品製造業
67001767,程家製麵廠,臺南市關廟區下湖里下湖二街16巷22號1樓,67000,67000290,下湖里,下湖二街16巷22號1樓,08食品製造業
67001768,高昇調理食品實業有限公司,臺南市西港區西港里中山路472號,67000,67000140,西港里,中山路472號,08食品製造業
67001784,元利同企業有限公司,臺南市安南區安順里安和路4段94巷43弄41號,67000,67000350,安順里,安和路4段94巷43弄41號,08食品製造業
67001789,川代企業有限公司新化廠,臺南市新化區崙頂里崙子頂1之170號,67000,67000180,崙頂里,崙子頂1之170號,08食品製造業
67001804,巧味食品有限公司,臺南市關廟區五甲里五甲路150巷7號,67000,67000290,五甲里,五甲路150巷7號,08食品製造業
67001810,長虹茶業有限公司,臺南市永康區?洲里國聖街180號,67000,67000310,?洲里,國聖街180號,08食品製造業
67001812,勝凱冷凍水產有限公司工廠,臺南市將軍區廣山里廣山1之6號,67000,67000160,廣山里,廣山1之6號,08食品製造業
67001822,三福化工股份有限公司善化食品廠,臺南市善化區小新里小新營340號(倉儲A區2樓食品廠區),67000,67000190,小新里,小新營340號(倉儲A區2樓食品廠區),08食品製造業
67001825,台灣陽光??有限公司,臺南市歸仁區歸仁里中山路1段2巷7號9號,67000,67000280,歸仁里,中山路1段2巷7號9號,08食品製造業
67001829,裕盛糧食有限公司,臺南市永康區?行里中正二街460號,67000,67000310,?行里,中正二街460號,08食品製造業
67001840,勝閎實業有限公司,臺南市永康區?行里中正二街380號,67000,67000310,?行里,中正二街380號,08食品製造業
67001848,台灣糖業股份有限公司新營副產加工廠飼料工場,臺南市柳營區人和里義士路5段690號飼料廠區,67000,67000040,人和里,義士路5段690號飼料廠區,08食品製造業
67001861,慶堂商行,臺南市新市區永就里光華街5之38號,67000,67000200,永就里,光華街5之38號,08食品製造業
67001868,耀美鮮食品有限公司,臺南市新營區新東里開元路205號,67000,67000010,新東里,開元路205號,08食品製造業
67001873,綠穗精緻農產股份有限公司新市廠,臺南市新市區大營里大營6之1號,67000,67000200,大營里,大營6之1號,08食品製造業
67001874,阿嬤的珍藏烘焙有限公司,臺南市仁德區仁德里文華路三段428巷111號,67000,67000270,仁德里,文華路三段428巷111號,08食品製造業
67001892,川岳生物科技股份有限公司後壁廠,臺南市後壁區菁豊里崩埤1之65號A棟1樓B區,67000,67000050,菁豊里,崩埤1之65號A棟1樓B區,08食品製造業
67001893,田庄食品有限公司,臺南市永康區?行里中正五街53巷47號,67000,67000310,?行里,中正五街53巷47號,08食品製造業
67001894,友賓食品工業有限公司五廠,臺南市安南區安順里開安三街34號,67000,67000350,安順里,開安三街34號,08食品製造業
67001903,威旺航太生醫股份有限公司,臺南市新市區永就里光華街1號1樓、2樓,67000,67000200,永就里,光華街1號1樓、2樓,08食品製造業
67001909,?立食品有限公司分廠,臺南市仁德區一甲里中正路3段81-12號,67000,67000270,一甲里,中正路3段81-12號,08食品製造業
67001913,富裕田食品廠,臺南市後壁區菁寮里菁寮1之25號,67000,67000050,菁寮里,菁寮1之25號,08食品製造業
67001914,名將實業有限公司,臺南市安南區州南里長和路二段146巷45號,67000,67000350,州南里,長和路二段146巷45號,08食品製造業
67001916,香閣食品有限公司,臺南市學甲區新達里頂山寮61之6號,67000,67000130,新達里,頂山寮61之6號,08食品製造業
67001920,食穀食品有限公司,臺南市永康區?洲里中正南路707之5號,67000,67000310,?洲里,中正南路707之5號,08食品製造業
67001930,馬可先生食品企業股份有限公司第二廠,臺南市仁德區仁德里文華路3段428巷53弄30號,67000,67000270,仁德里,文華路3段428巷53弄30號,08食品製造業
67001933,東盟冷凍食品有限公司麻豆廠,臺南市麻豆區埤頭里麻學路一段187號,67000,67000070,埤頭里,麻學路一段187號,08食品製造業
67001942,香群食品行四草廠,臺南市安南區四草里大眾路669號,67000,67000350,四草里,大眾路669號,08食品製造業
67001945,德英生物科技股份有限公司,臺南市安南區媽祖宮里科技五路92號,67000,67000350,媽祖宮里,科技五路92號,"08食品製造業,20藥品及醫用化學製品製造業"
67001957,五色有限公司新市廠,臺南市新市區港墘里民族路137號,67000,67000200,港墘里,民族路137號,08食品製造業
67001969,鼎和食品有限公司學甲廠,臺南市學甲區新達里頂山寮61之20號,67000,67000130,新達里,頂山寮61之20號,08食品製造業
67001974,唯聖生技有限公司,臺南市永康區崑山里大灣路942巷71弄133號,67000,67000310,崑山里,大灣路942巷71弄133號,08食品製造業
67001989,惟強有限公司,臺南市安南區布袋里工明二路18號,67000,67000350,布袋里,工明二路18號,08食品製造業
67001996,豐聖食品工廠,臺南市新營區中營里東山中路16號,67000,67000010,中營里,東山中路16號,08食品製造業
67002005,五豐珍食品股份有限公司,臺南市新化區全興里竹子腳200號B區,67000,67000180,全興里,竹子腳200號B區,08食品製造業
67002007,豐華生物科技股份有限公司台南二廠,臺南市新市區港墘里國際路17號4樓之2,67000,67000200,港墘里,國際路17號4樓之2,08食品製造業
67002017,新美珍國際股份有限公司永康廠,臺南市永康區?洲里國聖街405號,67000,67000310,?洲里,國聖街405號,08食品製造業
67002025,通寶國際股份有限公司仁德廠,臺南市仁德區保安里開發七路3號B棟2樓、3樓,67000,67000270,保安里,開發七路3號B棟2樓、3樓,08食品製造業
67002041,致遠生物科技有限公司,臺南市歸仁區南興里民生南街一段12號,67000,67000280,南興里,民生南街一段12號,08食品製造業
67002042,饌前實業股份有限公司,臺南市新市區永就里光華街5之76號,67000,67000200,永就里,光華街5之76號,08食品製造業
67002051,紫京傳有限公司,臺南市新市區三舍里三舍1之15號,67000,67000200,三舍里,三舍1之15號,08食品製造業
67002066,金?連鎖企業股份有限公司台南二廠,臺南市仁德區保安里永德路25之1號,67000,67000270,保安里,永德路25之1號,08食品製造業
67002077,崴烽有限公司,臺南市安南區布袋里工明路211號,67000,67000350,布袋里,工明路211號,08食品製造業
67002098,名都食品有限公司,臺南市西港區西港里文化路83巷22號1樓、24號1樓,67000,67000140,西港里,文化路83巷22號1樓、24號1樓,08食品製造業
67002144,聯盈發國際有限公司,臺南市永康區?行里中正路542巷2之2號,67000,67000310,?行里,中正路542巷2之2號,08食品製造業
67002153,津發生物科技有限公司台南廠,臺南市安南區安順里開安五街6號,67000,67000350,安順里,開安五街6號,08食品製造業
67002157,美藍雷股份有限公司柳營肉品廠,臺南市柳營區士林里長榮路六段513號,67000,67000040,士林里,長榮路六段513號,08食品製造業
67002167,台灣黑輪伯食品有限公司官田廠,臺南市官田區二鎮里成功街55號,67000,67000100,二鎮里,成功街55號,08食品製造業
67002172,大員食品有限公司,臺南市下營區仁里里公園路165號A棟1樓、2樓前段〈一址多廠〉,67000,67000080,仁里里,公園路165號A棟1樓、2樓前段〈一址多廠〉,08食品製造業
67002193,斷醣膳食有限公司,臺南市新營區中營里東山三路122號,67000,67000010,中營里,東山三路122號,08食品製造業
67002200,麒宏食品工業有限公司永康一廠,臺南市永康區勝利里勝利街164號1樓,67000,67000310,勝利里,勝利街164號1樓,08食品製造業
67002208,金豐盛食品股份有限公司永康二廠,臺南市永康區?行里中正一街26號,67000,67000310,?行里,中正一街26號,08食品製造業
67002209,毓軒有限公司後壁廠,臺南市後壁區後壁里後壁168之31號1樓,67000,67000050,後壁里,後壁168之31號1樓,08食品製造業
67002211,基益企業股份有限公司,臺南市永康區王行里環工路107號,67000,67000310,王行里,環工路107號,08食品製造業
67002212,品山有限公司,臺南市山上區明和里北勢洲96號,67000,67000220,明和里,北勢洲96號,08食品製造業
67002224,三福生技股份有限公司柳營廠,臺南市柳營區大農里環園東路1段1號(食品廠),67000,67000040,大農里,環園東路1段1號(食品廠),08食品製造業
67002226,王品商行,臺南市南區建南里興隆路150號,67000,67000330,建南里,興隆路150號,08食品製造業
67002246,億展科技食品工廠,臺南市仁德區一甲里忠義二街28號,67000,67000270,一甲里,忠義二街28號,08食品製造業
67002249,大成長城企業股份有限公司柳營化製廠,臺南市柳營區士林里長榮路六段501號柳營化製廠區,67000,67000040,士林里,長榮路六段501號柳營化製廠區,08食品製造業
67002254,權健生物科技有限公司,臺南市新市區新和里中正路29號R棟,67000,67000200,新和里,中正路29號R棟,08食品製造業
67002258,急便鮮食品有限公司安和廠,臺南市安南區安順里安和路3段190巷71弄49號,67000,67000350,安順里,安和路3段190巷71弄49號,08食品製造業
67002259,真好味果物農技社,臺南市柳營區人和里雙和路238號,67000,67000040,人和里,雙和路238號,"08食品製造業,08食品製造業"
67002267,韓金婆婆食品行,臺南市北區國姓里西門路4段16巷31弄3號1樓,67000,67000340,國姓里,西門路4段16巷31弄3號1樓,08食品製造業
67002269,新光洋菜企業股份有限公司,臺南市麻豆區麻口里麻豆口1之56號,67000,67000070,麻口里,麻豆口1之56號,08食品製造業
67002271,州海企業有限公司,臺南市南區彰南里新義路17號,67000,67000330,彰南里,新義路17號,08食品製造業
67002276,官田生技素食有限公司,臺南市官田區二鎮里建業路32號,67000,67000100,二鎮里,建業路32號,08食品製造業
67002285,亞露美生物科技有限公司,臺南市永康區尚頂里正南一街49號,67000,67000310,尚頂里,正南一街49號,08食品製造業
67002289,三一九食品有限公司,臺南市安南區?田里工業二路30號,67000,67000350,?田里,工業二路30號,08食品製造業
67002298,大新肉品行麻豆廠,臺南市麻豆區麻口里麻工三路488號,67000,67000070,麻口里,麻工三路488號,08食品製造業
67002301,諾亞牧場股份有限公司,臺南市下營區仁里里公園路181號A棟1樓,67000,67000080,仁里里,公園路181號A棟1樓,08食品製造業
67002302,嘉升食品有限公司學甲廠,臺南市學甲區新達里頂山寮61之8號,67000,67000130,新達里,頂山寮61之8號,08食品製造業
67002316,米英食品加工廠,臺南市仁德區太子里太子路689巷18號,67000,67000270,太子里,太子路689巷18號,08食品製造業
67002328,和達貿易有限公司台南廠,臺南市安南區布袋里工明二路47號,67000,67000350,布袋里,工明二路47號,08食品製造業
67002341,福昇食品有限公司,臺南市南區彰南里新和橫路13之1號,67000,67000330,彰南里,新和橫路13之1號,08食品製造業
67002352,鮮饌國際有限公司,臺南市學甲區新達里興業路409號,67000,67000130,新達里,興業路409號,08食品製造業
67002358,維霖食品企業有限公司,臺南市永康區尚頂里國聖街81巷28號,67000,67000310,尚頂里,國聖街81巷28號,08食品製造業
67002370,西井村食品企業社,臺南市永康區尚頂里國聖街81巷36號,67000,67000310,尚頂里,國聖街81巷36號,08食品製造業
67002371,迦糧有限公司一廠,臺南市新化區知義里新和庄111之20號,67000,67000180,知義里,新和庄111之20號,"08食品製造業,09飲料製造業"
67002382,晴乙生物科技有限公司,臺南市南區彰南里新孝路191號2樓,67000,67000330,彰南里,新孝路191號2樓,08食品製造業
67002402,日釀生技股份有限公司,臺南市永康區東橋里中正路229號,67000,67000310,東橋里,中正路229號,08食品製造業
67002409,璟旺食品股份有限公司,臺南市仁德區保安里文賢路1段508之62號,67000,67000270,保安里,文賢路1段508之62號,08食品製造業
67002414,嘉護保生技有限公司新營廠,臺南市新營區中營里東平街26號,67000,67000010,中營里,東平街26號,08食品製造業
67002441,盛美股份有限公司,臺南市安南區佃東里安新一路99號,67000,67000350,佃東里,安新一路99號,08食品製造業
67002463,蜜思可可企業有限公司,臺南市新營區中營里東平街8、10號,67000,67000010,中營里,東平街8、10號,08食品製造業
67002478,可秝生物科技股份有限公司,臺南市佳里區安西里安西72號,67000,67000120,安西里,安西72號,08食品製造業
67002485,有限責任臺南市農業合作社聯合社麻豆廠,臺南市麻豆區麻口里麻豆口32之42號,67000,67000070,麻口里,麻豆口32之42號,08食品製造業
67002505,和洋生物科技股份有限公司台南廠,臺南市學甲區新榮里華宗路87號,67000,67000130,新榮里,華宗路87號,08食品製造業
67002508,恒昕茶葉有限公司歸仁廠,臺南市歸仁區歸仁里中山路一段48號4樓B2棟,67000,67000280,歸仁里,中山路一段48號4樓B2棟,08食品製造業
67002575,品強食品有限公司,臺南市安南區安順里開安四街40號1樓,67000,67000350,安順里,開安四街40號1樓,"08食品製造業,09飲料製造業"
67002577,仲偉企業股份有限公司,臺南市仁德區一甲里中正路3段107號1、2樓,67000,67000270,一甲里,中正路3段107號1、2樓,08食品製造業
67002582,新興四六一企業社,臺南市仁德區仁義里林頂街5之10號,67000,67000270,仁義里,林頂街5之10號,08食品製造業
67002587,瓜瓜園企業股份有限公司關廟廠,臺南市關廟區埤頭里關新路二段766巷31號,67000,67000290,埤頭里,關新路二段766巷31號,08食品製造業
67002607,新武國際有限公司,臺南市仁德區仁義里林頂街3之3號,67000,67000270,仁義里,林頂街3之3號,08食品製造業
67002625,得益生物科技股份有限公司台南廠,臺南市新市區港墘里國際路17號5樓之2(A520室),67000,67000200,港墘里,國際路17號5樓之2(A520室),08食品製造業
67002656,台灣黃金蕎麥有限公司玉井廠,臺南市玉井區竹圍里?吧哖東路288號1樓,67000,67000230,竹圍里,?吧哖東路288號1樓,"08食品製造業,33其他製造業"
67002657,丞隆有限公司,臺南市永康區?行里正南五街220號B區,67000,67000310,?行里,正南五街220號B區,08食品製造業
67002667,佳冠興食品企業有限公司,臺南市麻豆區埤頭里苓子林8之47號,67000,67000070,埤頭里,苓子林8之47號,08食品製造業
67002682,立曜企業社,臺南市新營區土庫里東山三路157號,67000,67000010,土庫里,東山三路157號,08食品製造業
67002700,美德國際生物科技股份有限公司,臺南市仁德區太子里太子路452號,67000,67000270,太子里,太子路452號,"08食品製造業,09飲料製造業"
67002709,佳聯生技有限公司二廠,臺南市佳里區禮化里佳里興247號1樓,67000,67000120,禮化里,佳里興247號1樓,08食品製造業
67002711,華達食品永康廠,臺南市永康區蔦松里正北三路91巷18號,67000,67000310,蔦松里,正北三路91巷18號,08食品製造業
67002712,大成長城企業股份有限公司全能廠,臺南市柳營區大農里工七路1號,67000,67000040,大農里,工七路1號,08食品製造業
67002715,上鼎豐企業社,臺南市仁德區太子里太子路689巷11號,67000,67000270,太子里,太子路689巷11號,08食品製造業
67002728,立盛宏企業社,臺南市永康區?行里中正二街217號,67000,67000310,?行里,中正二街217號,08食品製造業
67002736,艾塔菲食品有限公司一廠,臺南市永康區?行里中正五街11巷12號,67000,67000310,?行里,中正五街11巷12號,08食品製造業
67002742,聖昕營養科技股份有限公司,臺南市安南區佃東里安新六路50號,67000,67000350,佃東里,安新六路50號,08食品製造業
67002745,信銓香料生技有限公司仁德廠,臺南市仁德區仁義里林頂街9之1號,67000,67000270,仁義里,林頂街9之1號,08食品製造業
67002752,金豐盛食品股份有限公司永康三廠,臺南市永康區?行里中正一街28號,67000,67000310,?行里,中正一街28號,08食品製造業
67002768,馨百年企業有限公司,臺南市善化區小新里小新營320之20號1樓,67000,67000190,小新里,小新營320之20號1樓,08食品製造業
67002783,耐速行銷整合有限公司加工廠,臺南市南區喜東里喜樂路15號,67000,67000330,喜東里,喜樂路15號,08食品製造業
67002804,旭陽農場工廠,臺南市官田區社子里社子67之1號,67000,67000100,社子里,社子67之1號,08食品製造業
67002825,鑫燁國際有限公司,臺南市永康區尚頂里正南一街105巷38號,67000,67000310,尚頂里,正南一街105巷38號,08食品製造業
67002826,碁富食品股份有限公司台南廠,臺南市學甲區新達里大順路101號,67000,67000130,新達里,大順路101號,08食品製造業
67002827,三一八食品行科工廠,臺南市安南區佃東里安新六路100號B棟,67000,67000350,佃東里,安新六路100號B棟,08食品製造業
67002828,華盛貿易有限公司學甲廠,臺南市學甲區新達里興業路150號,67000,67000130,新達里,興業路150號,08食品製造業
67002836,怡州實業股份有限公司,臺南市鹽水區三和里田寮25之1號,67000,67000020,三和里,田寮25之1號,08食品製造業
67002839,泰香企業社,臺南市西港區劉厝里劉厝83之1號,67000,67000140,劉厝里,劉厝83之1號,08食品製造業
67002850,京園食品有限公司麻豆廠,臺南市麻豆區埤頭里麻學路1段205號及207號,67000,67000070,埤頭里,麻學路1段205號及207號,08食品製造業
67002860,陳美香食品有限公司,臺南市永康區?行里中正路337巷40號,67000,67000310,?行里,中正路337巷40號,08食品製造業
67002875,華山興企業有限公司分廠,臺南市仁德區仁義里林頂街59號,67000,67000270,仁義里,林頂街59號,08食品製造業
67002878,橡實堤岸生技有限公司仁德廠,臺南市仁德區太子里太子四街41巷13號,67000,67000270,太子里,太子四街41巷13號,"08食品製造業,09飲料製造業"
67002879,權威貿易有限公司台南廠,臺南市安南區布袋里工明南三路268號B棟,67000,67000350,布袋里,工明南三路268號B棟,08食品製造業
67002916,樂食坊國際有限公司,臺南市新市區大營里豐榮188之25、188之26號,67000,67000200,大營里,豐榮188之25、188之26號,08食品製造業
67002927,領先奈米製藥生技股份有限公司食品廠,臺南市官田區二鎮里工業西路73號食品廠區,67000,67000100,二鎮里,工業西路73號食品廠區,08食品製造業
67002930,緯鳳興業有限公司西港廠,臺南市西港區慶安里中山路493之2號A棟1樓及B棟,67000,67000140,慶安里,中山路493之2號A棟1樓及B棟,08食品製造業
67002933,茁壯生物科技股份有限公司,臺南市永康區?行里鹽和街221號1樓、223號1樓,67000,67000310,?行里,鹽和街221號1樓、223號1樓,08食品製造業
67002957,禾夏食品有限公司,臺南市永康區?行里?和街166巷9號,67000,67000310,?行里,?和街166巷9號,"08食品製造業,09飲料製造業"
67002968,瑞牧食品股份有限公司,臺南市後壁區新嘉里白沙屯130之9號,67000,67000050,新嘉里,白沙屯130之9號,08食品製造業
67002970,皇吉寵物食品有限公司,臺南市善化區小新里小新營320之38、320之39號,67000,67000190,小新里,小新營320之38、320之39號,08食品製造業
67002986,津泓國際有限公司和順廠,臺南市安南區安順里開安四街18號,67000,67000350,安順里,開安四街18號,"08食品製造業,09飲料製造業"
67002989,香港商海天水產控股有限公司台灣分公司,臺南市學甲區豐和里麻學路三段77號,67000,67000130,豐和里,麻學路三段77號,08食品製造業
67002997,昱?國際實業有限公司,臺南市佳里區南勢里成功路150巷1號1樓,67000,67000120,南勢里,成功路150巷1號1樓,08食品製造業
67003000,玉井之門食品有限公司,臺南市玉井區三和里三和5之1號,67000,67000230,三和里,三和5之1號,08食品製造業
67003026,南縣區漁會水產品綜合加工廠,臺南市學甲區新榮里華宗路139號,67000,67000130,新榮里,華宗路139號,08食品製造業
67003027,聯昌中藥科技有限公司台南廠,臺南市安南區幸福里國安街55巷18號,67000,67000350,幸福里,國安街55巷18號,08食品製造業
67003031,均香有限公司,臺南市仁德區仁義里林頂街5之5號,67000,67000270,仁義里,林頂街5之5號,08食品製造業
67003036,首戶有限公司,臺南市仁德區仁義里林頂街33、35號,67000,67000270,仁義里,林頂街33、35號,08食品製造業
67003039,鴻仲寵物生技有限公司,臺南市南區彰南里新和一路1巷6之2號,67000,67000330,彰南里,新和一路1巷6之2號,08食品製造業
67003049,冠南生物科技有限公司二廠,臺南市麻豆區埤頭里麻學路一段145巷113號,67000,67000070,埤頭里,麻學路一段145巷113號,08食品製造業
67003063,隆穎國際有限公司台南新吉廠,臺南市安定區新吉里新吉六路27號,67000,67000210,新吉里,新吉六路27號,08食品製造業
67003106,泰吉軒實業有限公司仁德廠,臺南市仁德區一甲里忠義一街50號,67000,67000270,一甲里,忠義一街50號,08食品製造業
67003118,白龍國際有限公司,臺南市佳里區海澄里萊?寮1之96號1樓,67000,67000120,海澄里,萊?寮1之96號1樓,08食品製造業
67003121,大無界咖啡烘焙工廠有限公司,臺南市永康區尚頂里中正南路322巷1號,67000,67000310,尚頂里,中正南路322巷1號,08食品製造業
67003130,鑫冠茶葉有限公司,臺南市永康區王行里永科南路129號,67000,67000310,王行里,永科南路129號,08食品製造業
67003132,軒揚食品有限公司,臺南市下營區仁里里公園路181號B棟1.2樓,67000,67000080,仁里里,公園路181號B棟1.2樓,08食品製造業
67003138,兆商電子商務有限公司,臺南市永康區?行里正南五街239號2樓、3樓,67000,67000310,?行里,正南五街239號2樓、3樓,08食品製造業
67003158,永錀商行,臺南市仁德區仁德里林頂街15號,67000,67000270,仁德里,林頂街15號,08食品製造業
67003177,益佳元生物科技股份有限公司,臺南市新市區大營里豐榮188之6、之7、之8號,67000,67000200,大營里,豐榮188之6、之7、之8號,08食品製造業
67003178,永芳製麵廠,臺南市關廟區花園里園東街86巷13號1樓,67000,67000290,花園里,園東街86巷13號1樓,08食品製造業
67003180,安豐食品科技有限公司,臺南市南區彰南里新忠路19號1樓,67000,67000330,彰南里,新忠路19號1樓,08食品製造業
67003181,祿本產肉品有限公司,臺南市善化區小新里小新營318之21號,67000,67000190,小新里,小新營318之21號,08食品製造業
67003187,葛瑞特洋菜企業有限公司,臺南市麻豆區麻口里麻豆口1之57號1樓,67000,67000070,麻口里,麻豆口1之57號1樓,08食品製造業
67003200,珍泰興食品股份有限公司,臺南市學甲區新榮里東寮38之81號,67000,67000130,新榮里,東寮38之81號,08食品製造業
67003204,弘澤有限公司台南廠,臺南市仁德區土庫里大順路22號,67000,67000270,土庫里,大順路22號,08食品製造業
67003211,鴻仲生物科技有限公司新吉廠,臺南市安南區佃東里新吉一路138號,67000,67000350,佃東里,新吉一路138號,08食品製造業
67003225,華順食品行,臺南市新營區中營里東山三路51之1號,67000,67000010,中營里,東山三路51之1號,08食品製造業
67003247,沛富生物科技股份有限公司,臺南市西港區港東里八份102號,67000,67000140,港東里,八份102號,08食品製造業
67003251,忠鴻興食品有限公司,臺南市新營區南興里建業路43號C棟1樓,67000,67000010,南興里,建業路43號C棟1樓,08食品製造業
67003252,尚品食品有限公司,臺南市永康區蔦松里正北一路147巷7號,67000,67000310,蔦松里,正北一路147巷7號,08食品製造業
67003253,永昌泰實業有限公司新營廠,臺南市新營區中營里東華街57號,67000,67000010,中營里,東華街57號,08食品製造業
67003274,全宏生物科技股份有限公司分廠,臺南市安定區中沙里中崙180號,67000,67000210,中沙里,中崙180號,08食品製造業
67003280,枋香實業股份有限公司,臺南市鹽水區橋南里治水路73巷142弄123號,67000,67000020,橋南里,治水路73巷142弄123號,08食品製造業
67003286,新譯漢方有限公司,臺南市新市區大營里豐榮176之18號,67000,67000200,大營里,豐榮176之18號,08食品製造業
99656217,臺南市佳里區農會飼料加工廠,臺南市佳里區六安里六安95之2號,67000,67000120,六安里,六安95之2號,08食品製造業
99656225,臺南蛋品股份有限公司關廟廠,臺南市關廟區埤頭里關新路二段387號,67000,67000290,埤頭里,關新路二段387號,08食品製造業
99656252,西港區農會加工廠,臺南市西港區竹林里大竹林183號,67000,67000140,竹林里,大竹林183號,08食品製造業
99656290,辰?股份有限公司,臺南市新營區嘉芳里五福路134號,67000,67000010,嘉芳里,五福路134號,08食品製造業
99656316,隆佑興業股份有限公司,臺南市仁德區保安里保安工業區開發七路5號,67000,67000270,保安里,保安工業區開發七路5號,08食品製造業
99656319,台灣佳慶綜合股份有限公司,臺南市永康區王行里環工路52號,67000,67000310,王行里,環工路52號,"08食品製造業,12成衣及服飾品製造業"
99656355,台灣糖業股份有限公司善化糖廠,臺南市善化區溪美里310號,67000,67000190,溪美里,310號,08食品製造業
99656360,中英實業股份有限公司,臺南市官田區二鎮里實踐街6號,67000,67000100,二鎮里,實踐街6號,08食品製造業
99656392,年冠實業股份有限公司第一廠,臺南市新營區嘉芳里忠孝路53號,67000,67000010,嘉芳里,忠孝路53號,08食品製造業
99656435,台灣百事食品股份有限公司,臺南市新市區永就里中山路181號,67000,67000200,永就里,中山路181號,08食品製造業
99656437,新農科技股份有限公司,臺南市官田區二鎮里富強路27號,67000,67000100,二鎮里,富強路27號,08食品製造業
99656444,小淺雅瑪珂股份有限公司,臺南市麻豆區麻口里麻豆口1之30號﹝6樓﹞,67000,67000070,麻口里,麻豆口1之30號﹝6樓﹞,08食品製造業
99656450,台灣糖業股份有限公司新營副產加工廠食品工場,臺南市柳營區人和里義士路5段690號食品廠區,67000,67000040,人和里,義士路5段690號食品廠區,"08食品製造業,09飲料製造業"
99656476,大成長城企業股份有限公司永康一廠,臺南市永康區蔦松里蔦松二街3號,67000,67000310,蔦松里,蔦松二街3號,"08食品製造業,18化學材料及肥料製造業"
99656480,新功藥品工業有限公司,臺南市新營區大宏里同濟街87號,67000,67000010,大宏里,同濟街87號,"20藥品及醫用化學製品製造業,08食品製造業"
99656482,大成長城企業股份有限公司柳營肉品廠,臺南市柳營區士林里長榮路六段501號柳營肉品廠區,67000,67000040,士林里,長榮路六段501號柳營肉品廠區,08食品製造業
99656495,豐年豐和企業股份有限公司仁德廠,臺南市仁德區文賢里中正路1段370號,67000,67000270,文賢里,中正路1段370號,08食品製造業
99656497,豐年豐和企業股份有限公司上崙一廠,臺南市仁德區上崙里崑崙路201號,67000,67000270,上崙里,崑崙路201號,08食品製造業
99656499,豐年豐和企業股份有限公司三甲廠,臺南市仁德區文賢里中正路1段368號,67000,67000270,文賢里,中正路1段368號,08食品製造業
99656500,豐年豐和企業股份有限公司上崙二廠,臺南市仁德區上崙里崑崙路203號,67000,67000270,上崙里,崑崙路203號,08食品製造業
99656501,豐年豐和企業股份有限公司三甲子廠,臺南市仁德區文賢里中正路1段366號、370之1號、372號,67000,67000270,文賢里,中正路1段366號、370之1號、372號,08食品製造業
99656502,南寶國際生物科技股份有限公司,臺南市西港區慶安里中山路491號,67000,67000140,慶安里,中山路491號,08食品製造業
99656524,豐盟企業股份有限公司中洲廠,臺南市仁德區中洲里中洲五街289號,67000,67000270,中洲里,中洲五街289號,08食品製造業
99656693,天一藥廠股份有限公司,臺南市官田區二鎮里工業路31號,67000,67000100,二鎮里,工業路31號,"20藥品及醫用化學製品製造業,08食品製造業"
99656729,統一企業股份有限公司永康食品廠,臺南市永康區?行里中正路301號A區,67000,67000310,?行里,中正路301號A區,08食品製造業
99656739,正明食品有限公司新營廠,臺南市新營區民生里長榮路2段977號,67000,67000010,民生里,長榮路2段977號,08食品製造業
99656740,晶鈺食品股份有限公司二廠,臺南市佳里區頂?里頂?1之17號1樓、2樓後段、3樓,67000,67000120,頂?里,頂?1之17號1樓、2樓後段、3樓,08食品製造業
99656791,千口美企業有限公司,臺南市永康區龍潭里中山北路264巷11弄12號,67000,67000310,龍潭里,中山北路264巷11弄12號,08食品製造業
99656796,西河企業社,臺南市仁德區新田里勝利路132巷10弄1號,67000,67000270,新田里,勝利路132巷10弄1號,08食品製造業
99656813,新興製麵加工廠,臺南市新營區新南里長榮路2段9Ｏ1號,67000,67000010,新南里,長榮路2段9Ｏ1號,08食品製造業
99656831,昶牧生物科技企業有限公司仁德廠,臺南市仁德區仁愛里大同路3段179號,67000,67000270,仁愛里,大同路3段179號,08食品製造業
99656838,富林食品工廠,臺南市安定區中沙里沙崙9之1號,67000,67000210,中沙里,沙崙9之1號,08食品製造業
99656867,三億麥芽實業有限公司,臺南市善化區南關里三民路1之11號,67000,67000190,南關里,三民路1之11號,08食品製造業
99656892,優之堡生技製藥股份有限公司新營廠,臺南市新營區嘉芳里忠孝路3號,67000,67000010,嘉芳里,忠孝路3號,"20藥品及醫用化學製品製造業,08食品製造業"
99656963,杜漢企業股份有限公司,臺南市鹽水區橋南里自立街6號,67000,67000020,橋南里,自立街6號,08食品製造業
99656987,臺南縣大內鄉農會製油工廠,臺南市大內區大內里9號,67000,67000110,大內里,9號,08食品製造業
99656988,滋養軒食品廠,臺南市新營區民權里中山路254號,67000,67000010,民權里,中山路254號,08食品製造業
99656990,東懋食品股份有限公司,臺南市新化區知義里新和庄10之1號,67000,67000180,知義里,新和庄10之1號,08食品製造業
99657014,仟和興業股份有限公司,臺南市佳里區民安里同安寮80之13號,67000,67000120,民安里,同安寮80之13號,08食品製造業
99657037,好帝一食品有限公司,臺南市新市區大營里豐榮160號,67000,67000200,大營里,豐榮160號,08食品製造業
99657085,維味香食品工廠　　　　　　　　　　　　　　　　　　　　　　,臺南市六甲區龜港里龜子港142號,67000,67000090,龜港里,龜子港142號,08食品製造業
99657089,萬有全食品廠,臺南市仁德區一甲里太乙三街33號,67000,67000270,一甲里,太乙三街33號,08食品製造業
99657110,育立實業股份有限公司,臺南市新營區太北里忠孝路68號,67000,67000010,太北里,忠孝路68號,08食品製造業
99657148,三皇生物科技股份有限公司善化總廠,臺南市善化區坐駕里成功路427號,67000,67000190,坐駕里,成功路427號,"09飲料製造業,08食品製造業"
99657196,晉弘實業股份有限公司,臺南市麻豆區麻口里麻豆口32之2號,67000,67000070,麻口里,麻豆口32之2號,08食品製造業
99657239,洋銘生技廠,臺南市永康區?洲里洲工街162號,67000,67000310,?洲里,洲工街162號,08食品製造業
99657251,榮記企業廠,臺南市永康區尚頂里正南一街139號,67000,67000310,尚頂里,正南一街139號,08食品製造業
99657320,環球飼料股份有限公司台南廠,臺南市西港區西港里1之63號,67000,67000140,西港里,1之63號,08食品製造業
99657328,南一農產脫水工廠股份有限公司,臺南市學甲區新達里頂山寮1之46號,67000,67000130,新達里,頂山寮1之46號,08食品製造業
99657339,東陽製藥股份有限公司,臺南市官田區二鎮里建業路45號,67000,67000100,二鎮里,建業路45號,"20藥品及醫用化學製品製造業,08食品製造業"
99657344,左鎮區農會農產品加工廠,臺南市左鎮區中正里11號,67000,67000260,中正里,11號,08食品製造業
99657374,分享家食品股份有限公司台南分公司,臺南市新市區永就里中山路259號Ａ棟,67000,67000200,永就里,中山路259號Ａ棟,"08食品製造業,09飲料製造業"
99657431,唯昌製冰廠有限公司,臺南市永康區尚頂里?信街146巷27號,67000,67000310,尚頂里,?信街146巷27號,08食品製造業
99657440,大安化學製藥股份有限公司第一廠,臺南市永康區王行里環工路59號,67000,67000310,王行里,環工路59號,"08食品製造業,20藥品及醫用化學製品製造業"
99657464,顏氏興業有限公司新營廠,臺南市新營區嘉芳里五福路116、120號、復興路1129號,67000,67000010,嘉芳里,五福路116、120號、復興路1129號,08食品製造業
99657466,臺南市新營區農會碾米工廠,臺南市新營區埤寮里中正路430巷112號,67000,67000010,埤寮里,中正路430巷112號,08食品製造業
99657499,雅芝齋事業股份有限公司新營廠,臺南市新營區嘉芳里新中路3號,67000,67000010,嘉芳里,新中路3號,08食品製造業
99657500,勇健工業股份有限公司,臺南市鹽水區汫水里溪州寮3之8號,67000,67000020,汫水里,溪州寮3之8號,08食品製造業
99657506,南亞畜牧股份有限公司新營廠,臺南市新營區嘉芳里復興路1133號,67000,67000010,嘉芳里,復興路1133號,"20藥品及醫用化學製品製造業,08食品製造業"
99657515,臺灣紙業股份有限公司新營紙廠,臺南市新營區南紙里南紙街94號,67000,67000010,南紙里,南紙街94號,"15紙漿、紙及紙製品製造業,18化學材料及肥料製造業,08食品製造業"
99657521,大立加工廠,臺南市新營區興安里工業街71之12號,67000,67000010,興安里,工業街71之12號,08食品製造業
99657529,上統農產股份有限公司,臺南市官田區二鎮里工業西路5號,67000,67000100,二鎮里,工業西路5號,08食品製造業
99657539,裕益冰枝店,臺南市新營區民生里三民路186巷5號,67000,67000010,民生里,三民路186巷5號,08食品製造業
99657541,溫士頓醫藥股份有限公司,臺南市永康區?洲里仁愛街117號,67000,67000310,?洲里,仁愛街117號,"20藥品及醫用化學製品製造業,08食品製造業"
99657543,勝騰食品股份有限公司,臺南市永康區王行里環工路3號,67000,67000310,王行里,環工路3號,08食品製造業
99657554,全利農工企業有限公司,臺南市鹽水區汫水里溪州寮3之5號,67000,67000020,汫水里,溪州寮3之5號,08食品製造業
99657560,豐裕碾米工廠,臺南市白河區秀祐里三民路668及668之1號,67000,67000030,秀祐里,三民路668及668之1號,08食品製造業
99657569,統一企業股份有限公司新營廠,臺南市新營區興業里工業街83號,67000,67000010,興業里,工業街83號,08食品製造業
99657575,德成製粉工廠,臺南市新營區永生里新進路340號,67000,67000010,永生里,新進路340號,08食品製造業
99657605,金穎生物科技股份有限公司,臺南市新營區嘉芳里新工路33號,67000,67000010,嘉芳里,新工路33號,08食品製造業
99657614,大統益股份有限公司,臺南市官田區二鎮里工業西路32號,67000,67000100,二鎮里,工業西路32號,08食品製造業
99657616,龍聯實業股份有限公司,臺南市官田區二鎮里工業西路81號,67000,67000100,二鎮里,工業西路81號,08食品製造業
99657636,養全企業股份有限公司,臺南市新營區中營里東山路136之1號,67000,67000010,中營里,東山路136之1號,08食品製造業
99657685,仙鹿製藥股份有限公司,臺南市官田區二鎮里成功街47號,67000,67000100,二鎮里,成功街47號,"20藥品及醫用化學製品製造業,08食品製造業,09飲料製造業"
99657707,鵬群興業股份有限公司,臺南市官田區二鎮里成功街46號,67000,67000100,二鎮里,成功街46號,08食品製造業
99657713,長利商號,臺南市鹽水區水秀里清?路26號,67000,67000020,水秀里,清?路26號,08食品製造業
99657725,達成食品廠,臺南市新營區中營里東山三路102號,67000,67000010,中營里,東山三路102號,08食品製造業
99657728,萬禮實業股份有限公司,臺南市鹽水區水秀里土庫2之16號,67000,67000020,水秀里,土庫2之16號,08食品製造業
99657739,昌德珍實業有限公司,臺南市官田區二鎮里工業南路25號,67000,67000100,二鎮里,工業南路25號,08食品製造業
99657764,華昌製藥生化科技股份有限公司,臺南市官田區二鎮里成功街43號,67000,67000100,二鎮里,成功街43號,"20藥品及醫用化學製品製造業,08食品製造業"
99657770,農益實業股份有限公司,臺南市官田區二鎮里建業路27號,67000,67000100,二鎮里,建業路27號,08食品製造業
99657786,鹽水區農會碾米工廠,臺南市鹽水區水仙里西門路21號,67000,67000020,水仙里,西門路21號,08食品製造業
99657819,高健食品科技有限公司,臺南市柳營區士林里長榮路六段557號,67000,67000040,士林里,長榮路六段557號,"08食品製造業,09飲料製造業"
99657861,聯榮碾米工廠,臺南市白河區永安里中正路63號,67000,67000030,永安里,中正路63號,08食品製造業
99657866,立安生物科技製藥股份有限公司,臺南市官田區二鎮里工業路3號,67000,67000100,二鎮里,工業路3號,"20藥品及醫用化學製品製造業,08食品製造業"
99657872,漢生碾米工廠,臺南市白河區玉豐里海豐厝72號,67000,67000030,玉豐里,海豐厝72號,08食品製造業
99657897,統昇食品工業有限公司,臺南市麻豆區寮?里寮里寮子119之3號,67000,67000070,寮?里,寮子119之3號,08食品製造業
99657908,慶陽飼料加工廠,臺南市麻豆區磚井里磚子井139之1號,67000,67000070,磚井里,磚子井139之1號,08食品製造業
99657916,統興食品廠股份有限公司官田廠,臺南市官田區二鎮里實踐街8號,67000,67000100,二鎮里,實踐街8號,08食品製造業
99657918,頂益食品有限公司官田廠,臺南市官田區二鎮里富強路49號,67000,67000100,二鎮里,富強路49號,08食品製造業
99657922,瑞隆食品工廠,臺南市白河區白河里新富街34之3號,67000,67000030,白河里,新富街34之3號,08食品製造業
99657936,謙和行,臺南市新營區王公里中正路120之3號,67000,67000010,王公里,中正路120之3號,08食品製造業
99657945,統一超食代股份有限公司台南廠,臺南市麻豆區麻口里麻豆口1之23號,67000,67000070,麻口里,麻豆口1之23號,08食品製造業
99657965,新東碾米廠,臺南市後壁區新東里新港東80之2號,67000,67000050,新東里,新港東80之2號,08食品製造業
99657969,福泰碾米工廠,臺南市後壁區嘉苳里下茄苳110之1號,67000,67000050,嘉苳里,下茄苳110之1號,08食品製造業
99657976,台灣福基畜牧股份有限公司,臺南市麻豆區小埤里埤頭1之1號,67000,67000070,小埤里,埤頭1之1號,08食品製造業
99657978,典成碾米工廠,臺南市白河區外角里三民路258號,67000,67000030,外角里,三民路258號,08食品製造業
99657981,皇家可口股份有限公司台南廠,臺南市新市區永就里中山路182之1號,67000,67000200,永就里,中山路182之1號,"08食品製造業,09飲料製造業"
99657994,統一企業股份有限公司冰品廠,臺南市永康區王行里經中路1號,67000,67000310,王行里,經中路1號,08食品製造業
99657995,統一企業股份有限公司麻豆廠,臺南市麻豆區麻口里麻豆口1之30號,67000,67000070,麻口里,麻豆口1之30號,08食品製造業
99657996,統一企業股份有限公司新巿廠,臺南市新市區大營里大營7號,67000,67000200,大營里,大營7號,"08食品製造業,09飲料製造業"
99658012,瑞隆精米工廠,臺南市白河區昇安里3間厝260號,67000,67000030,昇安里,3間厝260號,08食品製造業
99658013,延尚企業有限公司仁德廠,臺南市仁德區保安里開發六路42號,67000,67000270,保安里,開發六路42號,"08食品製造業,09飲料製造業"
99658016,高沂股份有限公司,臺南市仁德區保安里開發五路14號,67000,67000270,保安里,開發五路14號,08食品製造業
99658029,永發食品廠,臺南市仁德區保安里開發一路2號,67000,67000270,保安里,開發一路2號,08食品製造業
99658039,億昌飼料股份有限公司,臺南市仁德區保安里民生路10號,67000,67000270,保安里,民生路10號,08食品製造業
99658044,輝煌國際股份有限公司工廠,臺南市仁德區保安里開發二路16號,67000,67000270,保安里,開發二路16號,08食品製造業
99658045,隆佑興業股份有限公司安佑廠,臺南市仁德區保安里開發六路46號,67000,67000270,保安里,開發六路46號,08食品製造業
99658067,芳榮米廠,臺南市後壁區長短樹里長短樹1號,67000,67000050,長短樹里,長短樹1號,08食品製造業
99658083,吉星農化股份有限公司,臺南市仁德區保安里開發五路2號,67000,67000270,保安里,開發五路2號,08食品製造業
99658096,東和蜂業有限公司,臺南市東山區東正里東勢8、8之1號,67000,67000060,東正里,東勢8、8之1號,08食品製造業
99658112,東和蜂業有限公司第一廠,臺南市東山區東正里東勢1之18號,67000,67000060,東正里,東勢1之18號,08食品製造業
99658114,後壁區農會碾米工廠,臺南市後壁區後壁里97號,67000,67000050,後壁里,97號,08食品製造業
99658118,後壁區農會安溪碾米工廠,臺南市後壁區頂安里300號,67000,67000050,頂安里,300號,08食品製造業
99658119,後壁區農會菁寮碾米工廠,臺南市後壁區墨林里346號,67000,67000050,墨林里,346號,08食品製造業
99658123,寶達香企業有限公司,臺南市麻豆區保安里興中路69號,67000,67000070,保安里,興中路69號,08食品製造業
99658129,專味香食品廠,臺南市麻豆區南勢里關帝廟14之2號,67000,67000070,南勢里,關帝廟14之2號,08食品製造業
99658132,穀豐碾米工廠,臺南市柳營區士林里長榮路六段600號,67000,67000040,士林里,長榮路六段600號,08食品製造業
99658133,德昌碾米工廠,臺南市柳營區人和里雙和路107號,67000,67000040,人和里,雙和路107號,08食品製造業
99658166,榮興碾米工廠,臺南市後壁區上茄苳里上茄苳3之7號,67000,67000050,上茄苳里,上茄苳3之7號,08食品製造業
99658174,金順穗碾米工廠,臺南市麻豆區新興里光復路54號,67000,67000070,新興里,光復路54號,08食品製造業
99658182,同榮碾米工廠,臺南市後壁區新嘉里白沙屯170號,67000,67000050,新嘉里,白沙屯170號,08食品製造業
99658183,振發碾米工廠,臺南市麻豆區穀興里光復路83號,67000,67000070,穀興里,光復路83號,08食品製造業
99658188,龍杏生技製藥股份有限公司,臺南市佳里區下營里下115號之1A棟,67000,67000120,下營里,下115號之1A棟,"20藥品及醫用化學製品製造業,09飲料製造業,08食品製造業"
99658248,香珍食品工業股份有限公司,臺南市佳里區漳洲里番子寮247之5號,67000,67000120,漳洲里,番子寮247之5號,08食品製造業
99658252,協豐碾米工廠,臺南市官田區二鎮里96之2號,67000,67000100,二鎮里,96之2號,08食品製造業
99658261,臺南市官田區農會碾米工廠,臺南市官田區隆田里文化街25號,67000,67000100,隆田里,文化街25號,08食品製造業
99658274,大德碾米加工所,臺南市下營區茅港里中營748號,67000,67000080,茅港里,中營748號,08食品製造業
99658310,臺南市下營區農會中營分倉碾米工廠,臺南市下營區開化里中營262號,67000,67000080,開化里,中營262號,08食品製造業
99658350,聯發碾米工廠,臺南市後壁區嘉田里上茄苳48之3號,67000,67000050,嘉田里,上茄苳48之3號,08食品製造業
99658360,嘉豪團膳便當工廠,臺南市東山區東正里183之1號1樓,67000,67000060,東正里,183之1號1樓,08食品製造業
99658400,佳泉食品廠,臺南市西港區劉厝里劉厝8之11號,67000,67000140,劉厝里,劉厝8之11號,08食品製造業
99658427,佳明食品有限公司,臺南市佳里區海澄里萊芊寮17之9號,67000,67000120,海澄里,萊芊寮17之9號,08食品製造業
99658449,南都化學製藥股份有限公司,臺南市佳里區佳化里佳里興39號,67000,67000120,佳化里,佳里興39號,"20藥品及醫用化學製品製造業,08食品製造業"
99658464,三合成商號,臺南市佳里區興化里佳里興442之2號,67000,67000120,興化里,佳里興442之2號,08食品製造業
99658465,生展生物科技股份有限公司,臺南市新營區土庫里開元路154號Ａ棟,67000,67000010,土庫里,開元路154號Ａ棟,"20藥品及醫用化學製品製造業,08食品製造業,09飲料製造業"
99658466,東成飼料股份有限公司,臺南市學甲區新達里瓦寮22之3號,67000,67000130,新達里,瓦寮22之3號,"08食品製造業,18化學材料及肥料製造業"
99658480,和興食品工廠,臺南市學甲區中洲里中洲346之1號,67000,67000130,中洲里,中洲346之1號,08食品製造業
99658482,清發碾米工廠,臺南市下營區下營里民族一街1號,67000,67000080,下營里,民族一街1號,08食品製造業
99658491,淮揚實業有限公司,臺南市下營區宅內里人和三街96號,67000,67000080,宅內里,人和三街96號,08食品製造業
99658511,永村精米工廠,臺南市學甲區光華里頭港子2號,67000,67000130,光華里,頭港子2號,08食品製造業
99658512,素素食品廠,臺南市西港區檨林里31之1號,67000,67000140,檨林里,31之1號,08食品製造業
99658539,源福碾米工廠,臺南市下營區開化里中營238號,67000,67000080,開化里,中營238號,08食品製造業
99658542,新協豐碾米廠,臺南市七股區大埕里327號,67000,67000150,大埕里,327號,08食品製造業
99658559,吉益碾米工廠,臺南市官田區二鎮里2鎮里2鎮61之1號,67000,67000100,二鎮里,2鎮61之1號,08食品製造業
99658567,青玉生物科技股份有限公司,臺南市佳里區塭內里東勢寮1號,67000,67000120,塭內里,東勢寮1號,08食品製造業
99658583,臺南市六甲區農會第二碾米工廠,臺南市六甲區中社里林鳳營21號,67000,67000090,中社里,林鳳營21號,08食品製造業
99658584,臺南市六甲區農會第三碾米工廠,臺南市六甲區菁埔里菁埔317 號,67000,67000090,菁埔里,菁埔317 號,08食品製造業
99658586,玉眾實業有限公司新營廠,臺南市柳營區人和里義士路5段690號Ｂ棟,67000,67000040,人和里,義士路5段690號Ｂ棟,08食品製造業
99658590,學甲區農會碾米工廠,臺南市學甲區新達里中山路45號,67000,67000130,新達里,中山路45號,08食品製造業
99658604,農合豐碾米工廠,臺南市西港區劉厝里劉厝20之1號,67000,67000140,劉厝里,劉厝20之1號,08食品製造業
99658611,尚益冰品廠,臺南市學甲區三慶里新芳41之1號,67000,67000130,三慶里,新芳41之1號,08食品製造業
99658622,農大碾米工廠,臺南市西港區港東里八份70之1號,67000,67000140,港東里,八份70之1號,08食品製造業
99658623,農民號碾米工廠,臺南市西港區後營里後營283之4號,67000,67000140,後營里,後營283之4號,08食品製造業
99658634,慶春碾米工廠,臺南市後壁區新東里新港東26之1號,67000,67000050,新東里,新港東26之1號,08食品製造業
99658637,大洋飼料股份有限公司,臺南市西港區慶安里中山路483之30號,67000,67000140,慶安里,中山路483之30號,08食品製造業
99658638,米洲食品廠有限公司,臺南市西港區西港里文化路83巷1號,67000,67000140,西港里,文化路83巷1號,08食品製造業
99658641,正裕醱酵飼料工廠,臺南市新市區港墘里光華街31號,67000,67000200,港墘里,光華街31號,08食品製造業
99658644,德發碾米工廠,臺南市新化區豐榮里信義路500號,67000,67000180,豐榮里,信義路500號,08食品製造業
99658666,鳳城食品廠,臺南市新化區協興里太平街150巷129號壹樓,67000,67000180,協興里,太平街150巷129號壹樓,08食品製造業
99658690,巨農飼料股份有限公司,臺南市善化區文正里陽明路87之1號,67000,67000190,文正里,陽明路87之1號,08食品製造業
99658707,新順興碾米工廠,臺南市佳里區頂?里頂里頂3號,67000,67000120,頂?里,頂3號,08食品製造業
99658715,香雪食品企業股份有限公司,臺南市西港區西港里文化路83巷28號,67000,67000140,西港里,文化路83巷28號,08食品製造業
99658718,協源碾米工廠,臺南市善化區光文里中山路52號,67000,67000190,光文里,中山路52號,08食品製造業
99658738,信輝碾米工廠,臺南市善化區小新里小新營119之1號,67000,67000190,小新里,小新營119之1號,08食品製造業
99658751,統得食品工業股份有限公司,臺南市新市區永就里中山路195巷21、23號,67000,67000200,永就里,中山路195巷21、23號,08食品製造業
99658759,華豐碾米廠,臺南市善化區田寮里六分寮86號,67000,67000190,田寮里,六分寮86號,08食品製造業
99658766,大裕碾米廠,臺南市善化區坐駕里中正路388號,67000,67000190,坐駕里,中正路388號,08食品製造業
99658787,天生自然米廠,臺南市新化區山腳里頂山腳187號,67000,67000180,山腳里,頂山腳187號,08食品製造業
99658798,大德股份有限公司,臺南市學甲區新榮里華宗路120號,67000,67000130,新榮里,華宗路120號,08食品製造業
99658808,台山碾米工廠,臺南市新化區崙頂里崙子頂154號,67000,67000180,崙頂里,崙子頂154號,08食品製造業
99658811,同昌碾米工廠,臺南市新化區中央里中正路425號,67000,67000180,中央里,中正路425號,08食品製造業
99658833,真仁堂實業有限公司西港廠,臺南市西港區慶安里中山路447號,67000,67000140,慶安里,中山路447號,08食品製造業
99658842,統芳生物科技股份有限公司,臺南市永康區東橋里中正路279巷2弄53、55號,67000,67000310,東橋里,中正路279巷2弄53、55號,"08食品製造業,09飲料製造業"
99658853,壽香食品股份有限公司,臺南市新化區東榮里復興路238號,67000,67000180,東榮里,復興路238號,08食品製造業
99658857,保生實業股份有限公司,臺南市學甲區光華里筏子頭3之18號,67000,67000130,光華里,筏子頭3之18號,"08食品製造業,33其他製造業"
99658862,新美芳碾米工廠,臺南市新化區協興里大新路87號,67000,67000180,協興里,大新路87號,08食品製造業
99658863,順益碾米廠,臺南市安定區蘇厝里蘇厝289號,67000,67000210,蘇厝里,蘇厝289號,08食品製造業
99658893,騰龍加工廠,臺南市鹽水區水秀里土庫74之7號,67000,67000020,水秀里,土庫74之7號,08食品製造業
99658905,茂利澱粉有限公司,臺南市善化區文正里文正路25巷4號,67000,67000190,文正里,文正路25巷4號,08食品製造業
99658927,統萬股份有限公司,臺南市新市區大營里大營7之2號,67000,67000200,大營里,大營7之2號,08食品製造業
99658938,樂騏食品有限公司永康廠,臺南市永康區東橋里中山南路365巷8號,67000,67000310,東橋里,中山南路365巷8號,08食品製造業
99658946,昭連食品有限公司,臺南市永康區尚頂里正南一街118巷28號,67000,67000310,尚頂里,正南一街118巷28號,08食品製造業
99658954,臺灣可果美股份有限公司,臺南市善化區小新里小新營394號,67000,67000190,小新里,小新營394號,"08食品製造業,09飲料製造業"
99658967,新隆昌碾米廠,臺南市安定區中沙里中崙46號,67000,67000210,中沙里,中崙46號,08食品製造業
99658970,三進粉業股份有限公司,臺南市善化區什乃里什乃93號,67000,67000190,什乃里,什乃93號,08食品製造業
99658974,新南糖廠股份有限公司南化廠,臺南市南化區中坑里43號,67000,67000250,中坑里,43號,08食品製造業
99659019,玉成澱粉企業股份有限公司,臺南市善化區東隆里東勢寮212之1號,67000,67000190,東隆里,東勢寮212之1號,08食品製造業
99659033,達飛麵食有限公司,臺南市仁德區新田里義林南路988巷34號,67000,67000270,新田里,義林南路988巷34號,08食品製造業
99659068,允盛碾米廠,臺南市新營區護鎮里建國路253號,67000,67000010,護鎮里,建國路253號,08食品製造業
99659079,大昭製藥生物科技股份有限公司,臺南市官田區二鎮里建業路7號及成功街39號,67000,67000100,二鎮里,建業路7號及成功街39號,"08食品製造業,09飲料製造業"
99659082,炳翰製藥廠股份有限公司,臺南市官田區二鎮里成功街81號,67000,67000100,二鎮里,成功街81號,"20藥品及醫用化學製品製造業,08食品製造業"
99659098,臺南市白河區農會碾米工廠,臺南市白河區永安里新厝子71之127號,67000,67000030,永安里,新厝子71之127號,08食品製造業
99659170,育志澱粉工廠,臺南市善化區頂街里興農路151巷41號,67000,67000190,頂街里,興農路151巷41號,08食品製造業
99659215,聯利便當工廠,臺南市歸仁區新厝里中正南路1段77、79號,67000,67000280,新厝里,中正南路1段77、79號,08食品製造業
99659248,旺寶食品有限公司,臺南市永康區崑山里大灣路1102巷17弄140號,67000,67000310,崑山里,大灣路1102巷17弄140號,08食品製造業
99659249,有限責任台南市第一漁權會漁業生產合作社,臺南市北門區中樞里溪底寮100之7號,67000,67000170,中樞里,溪底寮100之7號,08食品製造業
99659256,弘昌碾米工廠,臺南市下營區賀建里下橋頭1之9號,67000,67000080,賀建里,下橋頭1之9號,08食品製造業
99659377,農鶴企業有限公司,臺南市仁德區一甲里太乙五街52號,67000,67000270,一甲里,太乙五街52號,08食品製造業
99659395,正章興業股份有限公司,臺南市關廟區五甲里五福路16號,67000,67000290,五甲里,五福路16號,08食品製造業
99659398,統健實業股份有限公司台南工廠,臺南市永康區?行里中正路301之1號,67000,67000310,?行里,中正路301之1號,08食品製造業
99659401,天穗製藥有限公司,臺南市仁德區一甲里中正路3段159號,67000,67000270,一甲里,中正路3段159號,"20藥品及醫用化學製品製造業,08食品製造業"
99659417,俊昇飼料股份有限公司,臺南市仁德區保安里開發七路3號A棟及B棟1樓、4樓、5樓,67000,67000270,保安里,開發七路3號A棟及B棟1樓、4樓、5樓,08食品製造業
99659561,康立食品工廠,臺南市仁德區太子里長興一街1號,67000,67000270,太子里,長興一街1號,08食品製造業
99659604,生春堂製藥工業股份有限公司,臺南市永康區王行里興工路6號,67000,67000310,王行里,興工路6號,"20藥品及醫用化學製品製造業,08食品製造業,09飲料製造業"
99659636,儀億興業股份有限公司,臺南市仁德區保安里開發六路2號及8號,67000,67000270,保安里,開發六路2號及8號,"11紡織業,08食品製造業,29機械設備製造業"
99659651,活力旺食品企業有限公司食品廠,臺南市歸仁區南保里中山七街66號,67000,67000280,南保里,中山七街66號,"08食品製造業,09飲料製造業"
99659787,億客?食品廠,臺南市仁德區一甲里太乙六街42號,67000,67000270,一甲里,太乙六街42號,08食品製造業
99659895,?宏興食品企業有限公司,臺南市永康區東橋里中正路279巷21弄43號,67000,67000310,東橋里,中正路279巷21弄43號,08食品製造業
99659906,信隆藥品工業股份有限公司,臺南市仁德區一甲里中正路3段269號,67000,67000270,一甲里,中正路3段269號,"20藥品及醫用化學製品製造業,08食品製造業"
99659938,井基實業有限公司,臺南市仁德區仁義里仁義六街116號,67000,67000270,仁義里,仁義六街116號,08食品製造業
99659967,侑星實業社,臺南市仁德區土庫里太乙十二街21號,67000,67000270,土庫里,太乙十二街21號,08食品製造業
99659968,統清股份有限公司,臺南市永康區?行里中正路301之3號,67000,67000310,?行里,中正路301之3號,08食品製造業
99660007,坤峰食品股份有限公司,臺南市仁德區太子里太子五街12號,67000,67000270,太子里,太子五街12號,08食品製造業
99660051,津好團膳便當廠,臺南市仁德區一甲里太乙七街89號,67000,67000270,一甲里,太乙七街89號,08食品製造業
99660059,勝寶實業股份有限公司,臺南市關廟區埤頭里關新一街67號Ｂ棟,67000,67000290,埤頭里,關新一街67號Ｂ棟,08食品製造業
99660142,臺南市北門區農會食品加工廠,臺南市北門區中樞里溪底寮40之2號,67000,67000170,中樞里,溪底寮40之2號,08食品製造業
99660179,金牌食品加工廠,臺南市永康區龍潭里自強路756號,67000,67000310,龍潭里,自強路756號,08食品製造業
99660236,香力食品工廠,臺南市永康區建國里復興路1巷30弄11號,67000,67000310,建國里,復興路1巷30弄11號,08食品製造業
99660383,悠利?股份有限公司,臺南市永康區建國里復興路26巷29號,67000,67000310,建國里,復興路26巷29號,08食品製造業
99660387,展昌香料廠,臺南市永康區南灣里南興路51號,67000,67000310,南灣里,南興路51號,08食品製造業
99660392,永鴻食品工業股份有限公司,臺南市永康區崑山里大灣路11ＯＯ號,67000,67000310,崑山里,大灣路11ＯＯ號,"08食品製造業,09飲料製造業"
99660481,世鑫食品股份有限公司,臺南市永康區王行里經華路16號,67000,67000310,王行里,經華路16號,08食品製造業
99660516,維仁化學興業股份有限公司,臺南市永康區王行里王行路16號,67000,67000310,王行里,王行路16號,08食品製造業
99660552,裕勝糧食有限公司,臺南市永康區尚頂里正南一街92巷37弄12及16號,67000,67000310,尚頂里,正南一街92巷37弄12及16號,08食品製造業
99660599,維生化學製藥股份有限公司,臺南市永康區王行里王行路16之1號,67000,67000310,王行里,王行路16之1號,"08食品製造業,20藥品及醫用化學製品製造業"
99660710,光賀米粉實業有限公司,臺南市永康區?洲里?行路190號,67000,67000310,?洲里,?行路190號,08食品製造業
99660823,全能營養技術股份有限公司永康廠,臺南市永康區蔦松里蔦松二街1號,67000,67000310,蔦松里,蔦松二街1號,08食品製造業
99660825,上豪便當廠,臺南市永康區西橋里中華西街63巷66號,67000,67000310,西橋里,中華西街63巷66號,08食品製造業
99660853,港香蘭藥廠股份有限公司,臺南市永康區王行里環工路9號,67000,67000310,王行里,環工路9號,"20藥品及醫用化學製品製造業,08食品製造業"
99660856,龍記山農產加工廠,臺南市永康區永康里中山北路123巷18號,67000,67000310,永康里,中山北路123巷18號,08食品製造業
99660891,大曜生物科技股份有限公司,臺南市仁德區一甲里忠義一街59號,67000,67000270,一甲里,忠義一街59號,08食品製造業
99660960,立喬實業有限公司永康工廠,臺南市永康區西橋里中山南路1號,67000,67000310,西橋里,中山南路1號,08食品製造業
99661009,德峰行糧食有限公司,臺南市永康區甲頂里中正南路381巷1號,67000,67000310,甲頂里,中正南路381巷1號,08食品製造業
99661077,福家碾米廠,臺南市後壁區菁寮里菁寮11之1號,67000,67000050,菁寮里,菁寮11之1號,08食品製造業
99673024,順傑生物科技股份有限公司,臺南市南區彰南里新和路38號、40號,67000,67000330,彰南里,新和路38號、40號,"08食品製造業,09飲料製造業"
99673080,丸楊食品有限公司,臺南市南區彰南里新孝路186號,67000,67000330,彰南里,新孝路186號,08食品製造業
99673098,黑橋牌企業股份有限公司,臺南市南區彰南里中華西路1段103號,67000,67000330,彰南里,中華西路1段103號,08食品製造業
99673117,福大食品有限公司,臺南市安南區布袋里工明路175號,67000,67000350,布袋里,工明路175號,08食品製造業
99673119,永裕麵包廠,臺南市安南區布袋里工明路177號,67000,67000350,布袋里,工明路177號,08食品製造業
99673143,光代冷藏食品工業有限公司,臺南市南區彰南里新孝路205號,67000,67000330,彰南里,新孝路205號,08食品製造業
99673155,臺鹽實業股份有限公司生技二廠,臺南市安南區鹽田里工業二路20號,67000,67000350,鹽田里,工業二路20號,08食品製造業
99673161,慈光食品有限公司,臺南市南區彰南里新孝路198號,67000,67000330,彰南里,新孝路198號,08食品製造業
99673168,允富冷凍企業股份有限公司,臺南市南區彰南里新孝路211號,67000,67000330,彰南里,新孝路211號,08食品製造業
99673169,弘富冷凍企業股份有限公司,臺南市南區彰南里新孝路209號,67000,67000330,彰南里,新孝路209號,08食品製造業
99673190,玄利實業有限公司食品廠,臺南市安南區新順里開安三街28號(前棟),67000,67000350,新順里,開安三街28號(前棟),08食品製造業
99673240,雄風企業有限公司,臺南市南區彰南里新和一路3號,67000,67000330,彰南里,新和一路3號,08食品製造業
99673249,雄風企業有限公司第二廠,臺南市南區彰南里新和一路5號,67000,67000330,彰南里,新和一路5號,08食品製造業
99673377,仲發食品股份有限公司,臺南市南區彰南里新和一路1號,67000,67000330,彰南里,新和一路1號,08食品製造業
99673409,榮記號,臺南市中西區永福里永福路2段210號,67000,67000370,永福里,永福路2段210號,08食品製造業
99673411,佳利豐企業股份有限公司,臺南市南區彰南里新樂路11號,67000,67000330,彰南里,新樂路11號,08食品製造業
99673412,全記實業有限公司,臺南市南區彰南里新和路28之1號,67000,67000330,彰南里,新和路28之1號,08食品製造業
99673621,台南泰成興業有限公司,臺南市安南區溪墘里海佃路1段418號,67000,67000350,溪墘里,海佃路1段418號,08食品製造業
99673684,長壽化工廠有限公司,臺南市南區彰南里新樂路66號,67000,67000330,彰南里,新樂路66號,08食品製造業
99673749,新涼涼冰果室,臺南市中西區萬昌里民權路1段41號,67000,67000370,萬昌里,民權路1段41號,08食品製造業
99673815,友賓食品工業有限公司,臺南市安南區安順里開安三街35號,67000,67000350,安順里,開安三街35號,08食品製造業
99673873,大富食品有限公司,臺南市東區崇善里崇善二街32號,67000,67000320,崇善里,崇善二街32號,08食品製造業
99673877,福樂國際烘焙坊,臺南市中西區永福里忠義路2段113號,67000,67000370,永福里,忠義路2段113號,08食品製造業
99673881,新高食品股份有限公司,臺南市東區虎尾里東門路3段129號,67000,67000320,虎尾里,東門路3段129號,08食品製造業
99673883,舊永瑞珍製餅廠,臺南市中西區建國里永福路2段181號,67000,67000370,建國里,永福路2段181號,08食品製造業
99673889,滿香實業有限公司,臺南市安南區新順里永安二街23號,67000,67000350,新順里,永安二街23號,08食品製造業
99673908,義發豆腐工廠,臺南市中西區建國里民生路1段181巷16號,67000,67000370,建國里,民生路1段181巷16號,08食品製造業
99673934,合成豆腐工廠,臺南市中西區福安里友愛街107號,67000,67000370,福安里,友愛街107號,08食品製造業
99673935,美芝城實業股份有限公司,臺南市南區彰南里新平路7之1號,67000,67000330,彰南里,新平路7之1號,08食品製造業
99673979,源斌米行,臺南市東區崇學里崇德路309號,67000,67000320,崇學里,崇德路309號,08食品製造業
99673991,仁豐碾米廠,臺南市安南區公塭里公學路5段359號,67000,67000350,公塭里,公學路5段359號,08食品製造業
99674009,帆船食品廠,臺南市安南區新順里永安路22號,67000,67000350,新順里,永安路22號,08食品製造業
99674022,蘇州釆芝齋,臺南市東區大德里大同路2段119號,67000,67000320,大德里,大同路2段119號,08食品製造業
99674077,金復興製粉工廠,臺南市中西區小西里府前路1段359巷5號,67000,67000370,小西里,府前路1段359巷5號,08食品製造業
99674127,耀興食品廠,臺南市東區大同里大同路1段73巷6號,67000,67000320,大同里,大同路1段73巷6號,08食品製造業
99674302,同進米廠,臺南市東區新東里裕豐街135號,67000,67000320,新東里,裕豐街135號,08食品製造業
99674358,中興藥品工業股份有限公司,臺南市東區和平里東門路3段98巷11號,67000,67000320,和平里,東門路3段98巷11號,"20藥品及醫用化學製品製造業,08食品製造業"
99674381,萬國製藥廠股份有限公司,臺南市東區關聖里裕農路900號,67000,67000320,關聖里,裕農路900號,"20藥品及醫用化學製品製造業,08食品製造業"
99674419,金德裕食品廠,臺南市東區虎尾里裕信路398號,67000,67000320,虎尾里,裕信路398號,08食品製造業
99674420,南帝食品有限公司,臺南市東區裕農里東寧路500號,67000,67000320,裕農里,東寧路500號,08食品製造業
99674608,明新食品企業股份有限公司工廠,臺南市南區彰南里新樂路56之1號,67000,67000330,彰南里,新樂路56之1號,08食品製造業
99674610,廣合有限公司湖美廠,臺南市中西區西湖里湖美街104巷16號,67000,67000370,西湖里,湖美街104巷16號,08食品製造業
99674650,亞都西點麵包廠,臺南市中西區大涼里府前一街55號（1樓）,67000,67000370,大涼里,府前一街55號（1樓）,08食品製造業
99674681,隆興製粉所,臺南市北區文成里文賢路520巷61號,67000,67000340,文成里,文賢路520巷61號,08食品製造業
99674686,水木碾米廠,臺南市安平區港仔里觀音街28號,67000,67000360,港仔里,觀音街28號,08食品製造業
99674732,正合米行,臺南市安平區建平里建平１４街21號,67000,67000360,建平里,建平１４街21號,08食品製造業
99674737,振興製冰廠,臺南市安平區校前里安平路75巷22弄24號,67000,67000360,校前里,安平路75巷22弄24號,08食品製造業
99674824,大福餅號,臺南市北區大和里文賢路745號,67000,67000340,大和里,文賢路745號,08食品製造業
99674834,三新碾米所,臺南市中西區光賢里武聖路21號,67000,67000370,光賢里,武聖路21號,08食品製造業
99674876,大元食品工廠,臺南市北區和順里西門路3段47巷65號,67000,67000340,和順里,西門路3段47巷65號,08食品製造業
99674918,大道碾米廠,臺南市中西區藥王里大福街6號,67000,67000370,藥王里,大福街6號,08食品製造業
99674927,久大食品便當廠,臺南市安平區億載里平豐路391巷22弄14號,67000,67000360,億載里,平豐路391巷22弄14號,08食品製造業
99674966,好口味食品廠,臺南市北區大港里中華北路1段203巷73號,67000,67000340,大港里,中華北路1段203巷73號,08食品製造業
99674987,農廳蜂業有限公司,臺南市北區新勝里北園街13之2號,67000,67000340,新勝里,北園街13之2號,08食品製造業
99674995,金瑞隆號,臺南市中西區藥王里民族路3段235號,67000,67000370,藥王里,民族路3段235號,08食品製造業
99675069,連成麥芽工廠,臺南市北區六甲里公園路451巷32號,67000,67000340,六甲里,公園路451巷32號,08食品製造業
99675232,億泰碾米工廠,臺南市南區佛壇里灣裡路494號,67000,67000330,佛壇里,灣裡路494號,08食品製造業
99675306,友僑食品工業有限公司,臺南市北區大港里大興街152號,67000,67000340,大港里,大興街152號,08食品製造業
99675350,美而美食品廠,臺南市安平區建平里建平十二街63號,67000,67000360,建平里,建平十二街63號,08食品製造業
99675354,金昌糕粉工廠,臺南市東區和平里東門路3段98巷2號,67000,67000320,和平里,東門路3段98巷2號,08食品製造業
99675406,新合吉米廠,臺南市南區新昌里西門路1段565號,67000,67000330,新昌里,西門路1段565號,08食品製造業
99675412,明正飼料股份有限公司,臺南市南區彰南里中華西路1段39號,67000,67000330,彰南里,中華西路1段39號,08食品製造業
99675480,義珍肉脯舖,臺南市東區自強里富農街1段153巷14號,67000,67000320,自強里,富農街1段153巷14號,08食品製造業
99676541,三溢製冰廠,臺南市東區崇善里崇善二街68號1樓,67000,67000320,崇善里,崇善二街68號1樓,08食品製造業
99676543,達邦蛋白股份有限公司科工廠,臺南市安南區鹽田里工業三路52號A、B、C棟,67000,67000350,鹽田里,工業三路52號A、B、C棟,08食品製造業
99676552,翰締實業有限公司,臺南市南區彰南里新平路2號之1,67000,67000330,彰南里,新平路2號之1,08食品製造業
99676687,連發米粉工廠,臺南市北區成功里西門路4段533巷3號,67000,67000340,成功里,西門路4段533巷3號,08食品製造業
99676712,金泉源麵食品有限公司,臺南市安南區布袋里工明南一路19號,67000,67000350,布袋里,工明南一路19號,08食品製造業
99676781,寶味鮮食品有限公司,臺南市安南區布袋里工明南一路3號,67000,67000350,布袋里,工明南一路3號,08食品製造業
99676840,好味珍食品行,臺南市東區泉南里府連路353號,67000,67000320,泉南里,府連路353號,08食品製造業
99676871,明櫳商行,臺南市安南區布袋里工明南二路179號,67000,67000350,布袋里,工明南二路179號,08食品製造業
99683049,加倉企業有限公司,臺南市仁德區保安里文賢路1段5Ｏ8之22號,67000,67000270,保安里,文賢路1段5Ｏ8之22號,"08食品製造業,09飲料製造業"
99683241,順升食品廠,臺南市永康區崑山里大灣路1102巷17弄104號,67000,67000310,崑山里,大灣路1102巷17弄104號,08食品製造業
99683346,米田食品工廠,臺南市新市區永就里中山路2Ｏ2之21號,67000,67000200,永就里,中山路2Ｏ2之21號,08食品製造業
99683421,惠光洋菜廠有限公司,臺南市仁德區一甲里中正路3段81號,67000,67000270,一甲里,中正路3段81號,08食品製造業
99683517,佑煌企業有限公司,臺南市麻豆區麻口里麻豆口1之15號,67000,67000070,麻口里,麻豆口1之15號,08食品製造業
99683533,永豐食品工廠,臺南市仁德區仁愛里大同路三段379號,67000,67000270,仁愛里,大同路三段379號,08食品製造業
99683562,愛肝生物科技股份有限公司食品廠,臺南市永康區蔦松里中正北路833之1號,67000,67000310,蔦松里,中正北路833之1號,"08食品製造業,09飲料製造業"
99683763,泉威食品有限公司西港廠,臺南市西港區劉厝里劉厝114之3號壹樓,67000,67000140,劉厝里,劉厝114之3號壹樓,08食品製造業
99683904,鹽水鎮冷凍肉雞產銷班肉雞電宰廠,臺南市鹽水區文昌里孫厝寮4之9號,67000,67000020,文昌里,孫厝寮4之9號,08食品製造業
99684019,嘉丞食品工廠,臺南市永康區?洲里國聖街167巷16號,67000,67000310,?洲里,國聖街167巷16號,08食品製造業
99684078,台灣糖業股份有限公司善化企業工會善化冰品製造廠,臺南市善化區溪美里溪尾310號,67000,67000190,溪美里,溪尾310號,08食品製造業
99684149,吉星食品廠,臺南市善化區南關里文昌路121號壹樓,67000,67000190,南關里,文昌路121號壹樓,08食品製造業
99684183,松高蛋品企業社,臺南市麻豆區埤頭里麻工一路408號,67000,67000070,埤頭里,麻工一路408號,08食品製造業
99684211,德盈食品有限公司,臺南市新營區新東里開元路217號,67000,67000010,新東里,開元路217號,08食品製造業
99684248,白花油國際有限公司將軍廠,臺南市將軍區忠興里忠興132之38號,67000,67000160,忠興里,忠興132之38號,08食品製造業
99684347,驛豐食品有限公司,臺南市永康區尚頂里中正南路242巷4弄24號,67000,67000310,尚頂里,中正南路242巷4弄24號,08食品製造業
99684397,龍興冰廠,臺南市新市區永就里中山路工業巷9號,67000,67000200,永就里,中山路工業巷9號,08食品製造業
99684420,聯誠生物科技有限公司,臺南市永康區?行里?和街270號,67000,67000310,?行里,?和街270號,08食品製造業
99684449,艾芬迪食品股份有限公司仁德廠,臺南市仁德區仁義里義林一街238號,67000,67000270,仁義里,義林一街238號,08食品製造業
99684454,臺南市關廟區農會食品加工廠,臺南市關廟區五甲里南雄路1段551號Ｂ棟,67000,67000290,五甲里,南雄路1段551號Ｂ棟,08食品製造業
99684504,孚康食品股份有限公司,臺南市仁德區新田里勝利路223號,67000,67000270,新田里,勝利路223號,08食品製造業
99684582,安秝生技有限公司,臺南市佳里區民安里同安寮50之3號,67000,67000120,民安里,同安寮50之3號,08食品製造業
99684608,承信實業社,臺南市東山區東正里東勢1之14號,67000,67000060,東正里,東勢1之14號,08食品製造業
99684653,立宇茶葉股份有限公司官田廠,臺南市官田區二鎮里成功街59號,67000,67000100,二鎮里,成功街59號,08食品製造業
99684691,詠嘉食品有限公司,臺南市新市區港墘里興業路12之1號,67000,67000200,港墘里,興業路12之1號,08食品製造業
99684717,?立食品有限公司,臺南市仁德區一甲里中正路3段327號,67000,67000270,一甲里,中正路3段327號,08食品製造業
99684736,臺灣可果美股份有限公司新市廠,臺南市新市區港墘里興業路12號,67000,67000200,港墘里,興業路12號,"08食品製造業,09飲料製造業"
99684770,台灣糖業股份有限公司善化企業工會仁德冰品製造廠,臺南市仁德區成功里文華路290號,67000,67000270,成功里,文華路290號,08食品製造業
99684799,隆盛製冰企業有限公司,臺南市仁德區仁義里勝利路58巷6號,67000,67000270,仁義里,勝利路58巷6號,08食品製造業
99684888,星輝生技股份有限公司,臺南市新營區嘉芳里新嘉街14號Ｂ棟,67000,67000010,嘉芳里,新嘉街14號Ｂ棟,08食品製造業
99684894,勇健堂生技有限公司,臺南市永康區大橋里中正路354巷42號,67000,67000310,大橋里,中正路354巷42號,08食品製造業
99684933,川岳生物科技股份有限公司,臺南市仁德區保安里文賢路1段510號,67000,67000270,保安里,文賢路1段510號,08食品製造業
99684934,廣吉食品股份有限公司台南廠,臺南市仁德區保安里文賢路1段508之35號,67000,67000270,保安里,文賢路1段508之35號,08食品製造業
99684951,山上區農會農產品小型食品加工廠,臺南市山上區南洲里6號,67000,67000220,南洲里,6號,08食品製造業
99684971,金舫食品有限公司,臺南市永康區東橋里中正路279巷17號,67000,67000310,東橋里,中正路279巷17號,08食品製造業
99705670,祥圃實業股份有限公司台南廠,臺南市安南區鹽田里本田路2段389號,67000,67000350,鹽田里,本田路2段389號,08食品製造業
99705695,茂霖食品股份有限公司,臺南市安南區鹽田里科技五路157號,67000,67000350,鹽田里,科技五路157號,"08食品製造業,09飲料製造業"
99705700,勝德堡生物科技企業有限公司,臺南市東區富強里中華東路2段48巷7號,67000,67000320,富強里,中華東路2段48巷7號,08食品製造業
99705720,正慧食品工業股份有限公司,臺南市安南區鹽田里工業六路8號,67000,67000350,鹽田里,工業六路8號,08食品製造業
99705738,茶博士企業股份有限公司,臺南市南區彰南里新義南路1號A棟,67000,67000330,彰南里,新義南路1號A棟,"08食品製造業,09飲料製造業"
99705785,聯瑞食品科技股份有限公司,臺南市安南區媽祖宮里工業五路22號,67000,67000350,媽祖宮里,工業五路22號,08食品製造業
99705803,康順生物科技股份有限公司,臺南市南區彰南里新和一路1巷1號及3號,67000,67000330,彰南里,新和一路1巷1號及3號,"08食品製造業,09飲料製造業"
99705930,山川立股份有限公司,臺南市安南區媽祖宮里科技三路40號,67000,67000350,媽祖宮里,科技三路40號,08食品製造業
99705950,鴻仲生物科技有限公司,臺南市南區彰南里新和一路1巷8號2樓之1、2樓之2、8之2號,67000,67000330,彰南里,新和一路1巷8號2樓之1、2樓之2、8之2號,08食品製造業
99705966,益力康生物科技有限公司,臺南市南區彰南里新義路5號Ｂ區,67000,67000330,彰南里,新義路5號Ｂ區,08食品製造業
99705973,應傑實業股份有限公司,臺南市南區彰南里新樂路1－6號,67000,67000330,彰南里,新樂路1－6號,08食品製造業
99706043,海寶冷凍食品有限公司,臺南市安南區布袋里工明南三路60號,67000,67000350,布袋里,工明南三路60號,08食品製造業
99706046,品晶食品廠,臺南市安南區安順里開安二街63號,67000,67000350,安順里,開安二街63號,08食品製造業
99706085,大佳便當廠和順廠,臺南市安南區新順里永安路98號,67000,67000350,新順里,永安路98號,08食品製造業
99706100,三清製茶事業有限公司,臺南市南區彰南里新孝路187號,67000,67000330,彰南里,新孝路187號,08食品製造業
99706278,五奇食品有限公司,臺南市將軍區苓和里苓和1之32號,67000,67000160,苓和里,苓和1之32號,08食品製造業
99706345,駿慶生化科技廠,臺南市永康區尚頂里正南一街45號,67000,67000310,尚頂里,正南一街45號,08食品製造業
99709602,新芳奈米科技有限公司,臺南市新營區嘉芳里復興路1131之1號,67000,67000010,嘉芳里,復興路1131之1號,08食品製造業
99709619,川代企業有限公司工廠,臺南市仁德區土庫里太乙十二街37號,67000,67000270,土庫里,太乙十二街37號,08食品製造業
99709630,好帝一食品有限公司永康廠,臺南市永康區三民里和平東路75號,67000,67000310,三民里,和平東路75號,"08食品製造業,09飲料製造業"
99709631,天龍食品有限公司,臺南市仁德區三甲里3甲子80號,67000,67000270,三甲里,3甲子80號,08食品製造業
99709674,緯澤企業有限公司仁德廠,臺南市仁德區土庫里大順路50號A區,67000,67000270,土庫里,大順路50號A區,08食品製造業
99709762,福汎企業股份有限公司永康二廠,臺南市永康區東橋里中正路279巷15號,67000,67000310,東橋里,中正路279巷15號,08食品製造業
99709792,美藍雷股份有限公司永康廠,臺南市永康區王行里環工路87號Ｂ棟,67000,67000310,王行里,環工路87號Ｂ棟,08食品製造業
99709799,世鴻食品股份有限公司,臺南市新化區山腳里頂山腳55之6號,67000,67000180,山腳里,頂山腳55之6號,08食品製造業
99711241,品元國際股份有限公司台南廠,臺南市關廟區五甲里南雄路1段502號,67000,67000290,五甲里,南雄路1段502號,08食品製造業
99711258,晏笙企業有限公司西港廠,臺南市西港區金砂里新寮10之5號,67000,67000140,金砂里,新寮10之5號,08食品製造業
99711282,全久榮企業股份有限公司,臺南市歸仁區崙頂里高發三路1段35號,67000,67000280,崙頂里,高發三路1段35號,"08食品製造業,09飲料製造業"
99711403,貫閎開發生技股份有限公司永康廠,臺南市永康區王行里經華路17號Ｂ棟,67000,67000310,王行里,經華路17號Ｂ棟,08食品製造業
99711417,華品食品廠二廠,臺南市佳里區海澄里萊芊寮17之4號,67000,67000120,海澄里,萊芊寮17之4號,08食品製造業
99711428,三友生技醫藥股份有限公司製藥廠,臺南市後壁區福安里下寮路207之3號,67000,67000050,福安里,下寮路207之3號,"20藥品及醫用化學製品製造業,08食品製造業"
99711446,頂好冷凍食品有限公司,臺南市永康區東橋里中正路217巷3弄68號,67000,67000310,東橋里,中正路217巷3弄68號,08食品製造業
99711471,翔意生技有限公司,臺南市佳里區海澄里萊芊寮1之59號、1之60號,67000,67000120,海澄里,萊芊寮1之59號、1之60號,08食品製造業
99711494,恒欣生物科技有限公司永康廠,臺南市永康區崑山里大灣路1090巷9號,67000,67000310,崑山里,大灣路1090巷9號,08食品製造業
99711511,泓泉生技食品,臺南市佳里區海澄里萊芊寮1之69號,67000,67000120,海澄里,萊芊寮1之69號,08食品製造業
99711536,台灣漢藥生技股份有限公司,臺南市佳里區嘉福里下115之1號B棟,67000,67000120,嘉福里,下115之1號B棟,"20藥品及醫用化學製品製造業,08食品製造業"
99711543,雙麟便當食品廠,臺南市將軍區長榮里41號1樓,67000,67000160,長榮里,41號1樓,08食品製造業
99711544,東毅食品加工廠,臺南市柳營區人和里橋南215之1號,67000,67000040,人和里,橋南215之1號,08食品製造業
99711554,瑞士藥廠股份有限公司新市廠,臺南市新市區永就里中山路182號,67000,67000200,永就里,中山路182號,"08食品製造業,20藥品及醫用化學製品製造業"
99711576,味鴻食品股份有限公司,臺南市仁德區土庫里中正路3段523巷1號,67000,67000270,土庫里,中正路3段523巷1號,08食品製造業
99711613,偉信香料行亞太廠,臺南市永康區東橋里中正路279巷2弄22之1號,67000,67000310,東橋里,中正路279巷2弄22之1號,08食品製造業
99711652,萬國草本科技股份有限公司萬國食品廠,臺南市仁德區仁德里文華一街71號,67000,67000270,仁德里,文華一街71號,08食品製造業
99711683,大毅蛋品有限公司,臺南市歸仁區西埔里大埔路2段8巷66號,67000,67000280,西埔里,大埔路2段8巷66號,08食品製造業
99711687,麟燁有限公司,臺南市仁德區太子里太子四街25巷15號,67000,67000270,太子里,太子四街25巷15號,08食品製造業
99711707,豐華生物科技股份有限公司台南廠,臺南市新市區港墘里國際路17號3樓之2,67000,67000200,港墘里,國際路17號3樓之2,08食品製造業
99711713,孝青食品香料有限公司,臺南市永康區東橋里中正路277之2號1樓,67000,67000310,東橋里,中正路277之2號1樓,08食品製造業
99711743,晨舜食品有限公司,臺南市西港區慶安里中山路475號,67000,67000140,慶安里,中山路475號,08食品製造業
99711746,孝青食品香料有限公司永康廠,臺南市永康區東橋里中正路277之2號2樓,67000,67000310,東橋里,中正路277之2號2樓,08食品製造業
99711777,佳展農產食品加工廠,臺南市佳里區海澄里萊芊寮1之119、1之120號,67000,67000120,海澄里,萊芊寮1之119、1之120號,08食品製造業
99711789,百仙酒廠股份有限公司,臺南市新市區永就里中山路271巷18號,67000,67000200,永就里,中山路271巷18號,"08食品製造業,09飲料製造業"
99711811,保證責任台灣區嘉賢果菜運銷合作社楠西加工廠,臺南市楠西區鹿田里油車60之15號,67000,67000240,鹿田里,油車60之15號,08食品製造業
99711828,冠南生物科技有限公司工廠,臺南市麻豆區麻口里麻豆口5之6號,67000,67000070,麻口里,麻豆口5之6號,08食品製造業
99711842,雙好企業社,臺南市善化區小新里小新營422號,67000,67000190,小新里,小新營422號,08食品製造業
99711862,富樂烘焙企業有限公司,臺南市仁德區仁義里中山路40巷6號,67000,67000270,仁義里,中山路40巷6號,08食品製造業
99711863,泰宗生物科技股份有限公司新營廠,臺南市鹽水區橋南里四維路37號Ｂ棟,67000,67000020,橋南里,四維路37號Ｂ棟,08食品製造業
99711898,北方製冰有限公司,臺南市永康區尚頂里正南一街92巷1號,67000,67000310,尚頂里,正南一街92巷1號,08食品製造業
99711903,香港商田原香有限公司台灣分公司永康廠,臺南市永康區東橋里中正路269巷28號,67000,67000310,東橋里,中正路269巷28號,08食品製造業
99711915,賓寶食品企業有限公司佳里廠,臺南市佳里區民安里同安寮1之1號Ｂ棟,67000,67000120,民安里,同安寮1之1號Ｂ棟,08食品製造業
99711935,聖祥素食加工廠,臺南市永康區東橋里中正路217巷3弄11號,67000,67000310,東橋里,中正路217巷3弄11號,08食品製造業
99711937,全宏生物科技股份有限公司,臺南市安定區中沙里中崙177號,67000,67000210,中沙里,中崙177號,08食品製造業
99711980,晉達生物科技有限公司西港廠,臺南市西港區南海里慶安路205號,67000,67000140,南海里,慶安路205號,08食品製造業
99711990,洽通實業股份有限公司學甲廠,臺南市學甲區光華里筏子頭21之6號,67000,67000130,光華里,筏子頭21之6號,08食品製造業
99711994,范志食品有限公司,臺南市仁德區後壁里民安路1段310巷32弄19號,67000,67000270,後壁里,民安路1段310巷32弄19號,08食品製造業
99712000,元福製餡工廠,臺南市麻豆區麻口里麻豆口5之10號,67000,67000070,麻口里,麻豆口5之10號,08食品製造業
99727602,大山醬園,臺南市麻豆區麻口里麻豆口1之7號,67000,67000070,麻口里,麻豆口1之7號,08食品製造業
99727621,九紅欣生技事業有限公司,臺南市佳里區鎮山里鎮山街122巷5號1樓,67000,67000120,鎮山里,鎮山街122巷5號1樓,08食品製造業
99727637,奇俊俏美花果醋養生坊,臺南市下營區新興里慈惠街120號1樓,67000,67000080,新興里,慈惠街120號1樓,08食品製造業
99727641,佳湘食品有限公司,臺南市西港區慶安里中州26之12號2、3樓,67000,67000140,慶安里,中州26之12號2、3樓,08食品製造業
99727647,冰鑽企業社,臺南市新化區太平里中正路651號,67000,67000180,太平里,中正路651號,08食品製造業
S6700014,台灣磁波冷凍事業股份有限公司永康廠,臺南市永康區新樹里富強路2段184巷31號,67000,67000310,新樹里,富強路2段184巷31號,08食品製造業
S6700023,富勤企業社,臺南市後壁區菁寮里菁寮1之23號,67000,67000050,菁寮里,菁寮1之23號,08食品製造業
S6700026,提香食品有限公司,臺南市安定區六嘉里六塊寮41之3號,67000,67000210,六嘉里,六塊寮41之3號,08食品製造業
S6700027,壽香食品股份有限公司中正廠,臺南市新化區太平里中正路990、990之1、990之2、990之3號,67000,67000180,太平里,中正路990、990之1、990之2、990之3號,08食品製造業
S6700032,允成製麵廠,臺南市西港區後營里後營394之20號1樓,67000,67000140,後營里,後營394之20號1樓,08食品製造業
S6700041,漢亦龍實業股份有限公司,臺南市北區文元里文賢三街116號1樓,67000,67000340,文元里,文賢三街116號1樓,08食品製造業
S6700050,麒宏食品工業有限公司,臺南市西港區劉厝里63-9號,67000,67000140,劉厝里,63-9號,"08食品製造業,09飲料製造業"
S6700087,世鴻食品股份有限公司新化二廠,臺南市新化區山?里頂山腳55之5號、頂山腳55之7號,67000,67000180,山?里,頂山腳55之5號、頂山腳55之7號,08食品製造業
S6700097,元氣工坊生機事業有限公司崑山廠,臺南市永康區崑山里大灣路942巷371弄78號,67000,67000310,崑山里,大灣路942巷371弄78號,08食品製造業
S6700100,祺霖股份有限公司新化廠,臺南市新化區唪口里大德路182號,67000,67000180,唪口里,大德路182號,"08食品製造業,09飲料製造業"
S6700103,久芳生物科技股份有限公司,臺南市東山區聖賢里頂窩68號,67000,67000060,聖賢里,頂窩68號,08食品製造業
S6700135,三進粉業股份有限公司二廠,臺南市善化區什乃里什乃93號A、B棟,67000,67000190,什乃里,什乃93號A、B棟,08食品製造業
S6700139,永良商行,臺南市東山區東中里新東路二段59號,67000,67000060,東中里,新東路二段59號,08食品製造業
S6700149,清豐商店,臺南市後壁區嘉民里上茄苳214之120號,67000,67000050,嘉民里,上茄苳214之120號,08食品製造業
S6700155,協原企業社,臺南市關廟區東勢里東安街43號1樓、45號1樓2樓,67000,67000290,東勢里,東安街43號1樓、45號1樓2樓,08食品製造業
S6700167,新茂進製麵工廠,臺南市關廟區東勢里東安街41號1樓、2樓及松腳里民族街82號1樓、2樓,67000,67000290,東勢里,東安街41號1樓、2樓及松腳里民族街82號1樓、2樓,08食品製造業
S6700169,達陣商行關廟廠,臺南市關廟區五甲里南雄路1段720巷36號,67000,67000290,五甲里,南雄路1段720巷36號,08食品製造業
S6700170,恩澤企業社永康廠,臺南市永康區埔園里四維街58巷27號,67000,67000310,埔園里,四維街58巷27號,08食品製造業
S6700180,正裕麥芽廠,臺南市西港區營西里後營469號,67000,67000140,營西里,後營469號,08食品製造業
S6700185,東北麵實業社一廠,臺南市關廟區北花里花園二街72號,67000,67000290,北花里,花園二街72號,08食品製造業
S6700187,立成米店台南廠,臺南市南區田寮里西門路一段223巷20號1樓A棟,67000,67000330,田寮里,西門路一段223巷20號1樓A棟,08食品製造業
S6700197,禹昌冷凍食品興業股份有限公司貳廠,臺南市佳里區頂?里頂?1之17號3樓後棟及4樓、1之18號,67000,67000120,頂?里,頂?1之17號3樓後棟及4樓、1之18號,08食品製造業
S6700209,金嘉隆企業股份有限公司新化一廠,臺南市新化區全興里竹子腳280號,67000,67000180,全興里,竹子腳280號,"08食品製造業,09飲料製造業"
S6700215,穀福城貿易有限公司,臺南市新營區太北里太子宮44之100號1樓,67000,67000010,太北里,太子宮44之100號1樓,08食品製造業
S6700227,上智食品股份有限公司關廟廠,臺南市關廟區下湖里保東一街355號,67000,67000290,下湖里,保東一街355號,08食品製造業
S6700228,齋滋味實業有限公司,臺南市六甲區甲東里曾文街152號,67000,67000090,甲東里,曾文街152號,08食品製造業
S6700230,伯享生技股份有限公司白河廠,臺南市白河區草店里草店96之2號,67000,67000030,草店里,草店96之2號,08食品製造業
S6700238,安秝生技有限公司,臺南市西港區金砂里下宅子5之10號1樓、5之11號,67000,67000140,金砂里,下宅子5之10號1樓、5之11號,08食品製造業
S6700240,普廣興業社官田廠,臺南市官田區官田里中?13之1號,67000,67000100,官田里,中?13之1號,08食品製造業
S6700244,松稜食品企業有限公司,臺南市歸仁區大廟里和順路二段305號,67000,67000280,大廟里,和順路二段305號,08食品製造業
S6700245,正統意麵坊工廠,臺南市南區喜東里明興路321巷16之2號,67000,67000330,喜東里,明興路321巷16之2號,"08食品製造業,08食品製造業"
S6700253,國昌製油廠,臺南市鹽水區水秀里土庫74之10、74之11號,67000,67000020,水秀里,土庫74之10、74之11號,08食品製造業
S6700277,金玉糧行,臺南市下營區茅港里茅港尾53之6、53之7號,67000,67000080,茅港里,茅港尾53之6、53之7號,08食品製造業
S6700287,大誠醬園,臺南市仁德區仁德里正義路256號,67000,67000270,仁德里,正義路256號,08食品製造業
S6700305,根香農產行,臺南市安定區六嘉里六塊寮157號,67000,67000210,六嘉里,六塊寮157號,08食品製造業
S6700307,裕芳珍食品行,臺南市安定區大同里大同115之1號,67000,67000210,大同里,大同115之1號,08食品製造業
S6700316,春生雞肉,臺南市中西區藥王里民族路3段201號1樓、2樓,67000,67000370,藥王里,民族路3段201號1樓、2樓,08食品製造業
S6700317,良聖生物科技有限公司西勢廠,臺南市永康區西勢里西勢路165號,67000,67000310,西勢里,西勢路165號,08食品製造業
S6700331,東昇製麵店,臺南市安南區海佃里國安街56巷77弄10號,67000,67000350,海佃里,國安街56巷77弄10號,08食品製造業
S6700344,協竑實業社,臺南市關廟區東勢里東安街47號1、2樓、49號1樓,67000,67000290,東勢里,東安街47號1、2樓、49號1樓,08食品製造業
S6700347,慶家食品行,臺南市安平區建平里中華西路2段357號,67000,67000360,建平里,中華西路2段357號,08食品製造業
S6700351,高宏國際實業有限公司工廠,臺南市佳里區鎮山里鎮山94之8號,67000,67000120,鎮山里,鎮山94之8號,08食品製造業
S6700374,嘉瑭商貿有限公司東山廠,臺南市東山區東中里北馬27號,67000,67000060,東中里,北馬27號,08食品製造業
S6700383,台農企業有限公司佳里廠,臺南市佳里區海澄里番子寮66之2號,67000,67000120,海澄里,番子寮66之2號,08食品製造業
S6700387,全福興食品企業有限公司,臺南市七股區義合里義合82之2號,67000,67000150,義合里,義合82之2號,08食品製造業
S6700402,禾倉企業有限公司學甲廠,臺南市學甲區豐和里美豐49之12號,67000,67000130,豐和里,美豐49之12號,08食品製造業
S6700408,宏勝發實業有限公司安定廠,臺南市安定區中榮里許中營24之18號,67000,67000210,中榮里,許中營24之18號,08食品製造業
S6700413,農豐實業廠,臺南市佳里區安西里文化西路346號,67000,67000120,安西里,文化西路346號,08食品製造業
S6700415,將香企業社麻油廠,臺南市將軍區保源里苓保83之16號,67000,67000160,保源里,苓保83之16號,08食品製造業
S6700420,百豐傳牧場,臺南市麻豆區北勢里加輦邦16之6號,67000,67000070,北勢里,加輦邦16之6號,08食品製造業
S6700430,和陽食品企業股份有限公司柳營廠,臺南市柳營區八翁里八老爺110號,67000,67000040,八翁里,八老爺110號,"08食品製造業,09飲料製造業"
S6700431,聯榮碾米工廠白河廠,臺南市白河區大竹里大排竹120之31、120之32、120之33號,67000,67000030,大竹里,大排竹120之31、120之32、120之33號,08食品製造業
S6700443,萬味香醬園,臺南市後壁區墨林里菁寮160之1號1~2樓及菁寮160之1號附1之1樓,67000,67000050,墨林里,菁寮160之1號1~2樓及菁寮160之1號附1之1樓,08食品製造業
S6700449,清心生活事業股份有限公司台南廠,臺南市安南區東和里長和路1段50號,67000,67000350,東和里,長和路1段50號,08食品製造業
S6700455,東盟冷凍食品有限公司,臺南市善化區田寮里六分寮191之12、191之15號,67000,67000190,田寮里,六分寮191之12、191之15號,08食品製造業
S6700460,慶高能機械有限公司食品一廠,臺南市東山區聖賢里北勢寮91之5號,67000,67000060,聖賢里,北勢寮91之5號,08食品製造業
S6700461,福成醬園,臺南市佳里區佳化里佳里興46之2號,67000,67000120,佳化里,佳里興46之2號,08食品製造業
S6700466,佳展農產食品加工廠七股廠,臺南市七股區大埕里大埕108之6號,67000,67000150,大埕里,大埕108之6號,08食品製造業
S6700469,啟銘實業股份有限公司工廠,臺南市將軍區苓仔寮里源頭28之3號,67000,67000160,苓仔寮里,源頭28之3號,08食品製造業
S6700497,東發麵店,臺南市北區文元里文賢一路273號1樓,67000,67000340,文元里,文賢一路273號1樓,08食品製造業
S6700512,毓泰商號,臺南市後壁區後壁里後壁168之20號,67000,67000050,後壁里,後壁168之20號,08食品製造業
S6700527,台勝食品行,臺南市安定區海寮里海寮201之26號,67000,67000210,海寮里,海寮201之26號,08食品製造業
S6700537,冠利有限公司新營廠,臺南市新營區太北里太子宮44之58號,67000,67000010,太北里,太子宮44之58號,08食品製造業
S6700539,合進製麵,臺南市關廟區北勢里仁愛路583號,67000,67000290,北勢里,仁愛路583號,08食品製造業
S6700553,東峰商行,臺南市新營區太北里太子宮44之17號,67000,67000010,太北里,太子宮44之17號,08食品製造業
S6700561,龍億生化股份有限公司一廠,臺南市後壁區上茄苳里上茄苳146之5號,67000,67000050,上茄苳里,上茄苳146之5號,"08食品製造業,13皮革、毛皮及其製品製造業"
S6700573,萬豐麵店,臺南市新營區太北里110號,67000,67000010,太北里,110號,08食品製造業
S6700574,佳昌醬園工廠,臺南市善化區文正里陽明路57巷73號,67000,67000190,文正里,陽明路57巷73號,08食品製造業
S6700575,成功醬園,臺南市新化區知義里中興路373號,67000,67000180,知義里,中興路373號,08食品製造業
S6700577,清得成號新市廠,臺南市新市區新和里光華街149號1樓,67000,67000200,新和里,光華街149號1樓,08食品製造業
S6700652,瓜瓜園企業股份有限公司新化二廠,臺南市新化區知義里中正路127巷25號之12,67000,67000180,知義里,中正路127巷25號之12,08食品製造業
S6700653,瓜瓜園企業股份有限公司新化廠,臺南市新化區全興里竹子腳620號、中正路127巷31號,67000,67000180,全興里,竹子腳620號、中正路127巷31號,08食品製造業
S6700671,櫻川坊麻豆廠,臺南市麻豆區寮?里寮子?190號,67000,67000070,寮?里,寮子?190號,08食品製造業
S6700680,新丸天瓜子行一廠,臺南市麻豆區南勢里南勢1之38號,67000,67000070,南勢里,南勢1之38號,08食品製造業
S6700718,保證責任台南市養殖漁產運銷合作社,臺南市北門區保吉里364之2號,67000,67000170,保吉里,364之2號,08食品製造業
S6700734,鈺豐農特產行,臺南市玉井區望明里望明53之6號,67000,67000230,望明里,望明53之6號,08食品製造業
S6700757,何上口麵行工廠,臺南市關廟區下湖里1鄰南雄路二段880巷165號,67000,67000290,下湖里,1鄰南雄路二段880巷165號,08食品製造業
